0.4608805031446541,0.1187276513811936,0.2821793133973277,0.3808586604090181,0.3314076680126334,0.3688249673128305,0.3985074188910298,0.0,0.2672975390935094,0.3747247083079518,0.2760132717454948,0.3969398961661342,0.1870835914658667,0.1352100873867764,0.3701835226821324,0.3040599375952397,0.2701228463261994,0.3043659787665513,0.0806024879316746,0.4080365496543092,0.4063068467701358,0.1928499909722109,0.0739693016920739,0.216413972631653,0.089003984063745,0.1813308350899107,0.3155992214292334,0.3475407400069343,0.2621235977169848,0.3353659656534116,0.0151006882487891,0.2896244147119993,0.8896438102499863,0.0,0.1569420014677274,0.0,0.2102514840267,0.3648511402647327,0.3075509330325909
0.2369134010643444,0.6831113206805768,0.468740490746632,0.7150120484967764,0.5942709790908727,0.546832660640858,0.2964915541036199,0.0,0.0788044505487582,0.4325008200178061,0.045058877106239,0.6253244808306709,0.5639570902213963,0.4737640158014444,0.601745186832976,0.6677127929758364,0.6785443869272964,0.092379418664758,0.2628690122539918,0.5539313964932745,0.2736289042845531,0.3757365855259918,0.2937555660327937,0.2489886375628803,0.3815139442231076,0.548286361152315,0.8287041328101669,0.5888850364059635,0.2229285573705963,0.3305537698594911,0.0353097119551363,0.2604628919066208,0.0471515712651816,0.0553849596578688,0.1540065465304553,0.0,0.4235079681765559,0.2427080972645397,0.1976337416329898
0.2252056119980648,0.8178513890526149,0.7602146670723948,0.8619532442627706,0.6224963019229999,0.7021961988137875,0.424290143682939,0.0,0.1525560413805269,0.6119519547662561,0.2044499381953028,0.815769768370607,0.6729705348506093,0.5817206017317744,0.7981515320039194,0.5767542268340469,0.8468052229004094,0.7287864328601535,0.6246750835499442,0.6030206928395242,0.3361651894569801,0.6136434515700147,0.3673057781968673,0.3683821718788476,0.4763346613545817,0.7737788534103627,0.5622702134890477,0.8667095943335479,0.2811060814800236,0.7898245936265954,0.0417945449910782,0.2764561298143761,0.0992320679701541,0.1230528239491776,0.3962864165317367,0.0,0.5245079928077044,0.2888055128883069,0.2303916961665779
0.153033381712627,0.459310778419584,0.7392735622008906,0.9178052811526184,0.7640626874025507,0.8648740833380706,0.3848433572315848,0.0,0.2485225740603067,0.2712931290317542,0.1587144622991347,0.8426267971246008,0.6484397926244743,0.5788476118271417,0.6604168321813515,0.6725382773383646,0.8739704859769758,0.9616982782615612,0.5156075937616041,0.7295228374585353,0.3125072570344853,0.4586281043284146,0.5413850908900414,0.4922257009181412,0.5631075697211155,0.7389335623389803,0.6185724142902752,0.6424290455198376,0.2636980909269829,0.6535035356782072,0.0346775426969156,0.1960005783368367,0.0,0.0,0.3989190070707188,0.0,0.5474642232567303,0.2692653119465498,0.2250973758132055
0.2023125302370585,0.6380604345946794,0.6838363440205815,0.9017826728738504,0.5679846479830488,0.6329372974816669,0.475210047046626,0.0,0.2491526064439712,0.5504584290020774,0.1816537635807689,0.8683606230031949,0.545860641038182,0.524659830014764,0.5105134927570776,0.5741056527102533,0.8422776790543148,0.0979064773947274,0.5255291496472335,0.7931809621016052,0.3810717188528078,0.5829653825320487,0.6018387553041018,0.7912547929785064,0.4381673306772908,0.5429775938793033,0.4252994304899024,0.6076576353459808,0.3760185002952174,0.5587106254017814,0.0,0.2199125821627573,0.1640842002069603,0.0,0.2668235348934734,0.0,0.5204069065740534,0.3228329933942706,0.3628541294654512
0.4766134494436381,0.2038194035129081,0.5126559517552352,0.468831611218349,0.6639947227441729,0.356034335739867,0.5410166374866735,0.0,0.4043547838358892,0.5761054620995579,0.4355995055624226,0.4883436501597443,0.3179866749269077,0.2821515502174694,0.4866264134954055,0.5194652057180176,0.3857374642663987,0.2229909737961748,0.3839584106943928,0.4391790908759524,0.5144947168788944,0.4578894670321554,0.2174812719367174,0.5227424631512294,0.2399362549800796,0.4217347177765631,0.4584401808426278,0.4843231462677697,0.4756248769927179,0.5286803195885755,0.0,0.4242545571830547,0.5236915200697129,0.0867884182652262,0.3545959672440504,0.0,0.3356240301485257,0.4639538690101478,0.4032559548050917
0.4909724238026124,0.5084286219497816,0.2690392541979031,0.3890465917262783,0.4663774837084715,0.4024785401625832,0.5708976026760826,0.0,0.3630246594674966,0.5131280945910063,0.4001171036367184,0.3904377995207667,0.3358874868216548,0.3522804357368023,0.5538783400863325,0.3328314345838472,0.3665301707486671,0.2558053998170901,0.1547762718158187,0.499471439507163,0.6436699307195107,0.3071582161088587,0.0,0.4062686882189468,0.0970677290836653,0.3011684492674422,0.4466895294590168,0.4001684085393036,0.506297972839992,0.3874368628891541,0.0,0.5812507646280294,0.2000299547954904,0.0,0.1744964879378429,0.0,0.2545136579718712,0.4791378138141163,0.4466652047241628
0.3089888727624575,0.5743840622421315,0.3945060720905143,0.6399707303533806,0.5274257386159196,0.7019877588918577,0.3245923766860004,0.0312180889861415,0.1794584241630019,0.3762554082126735,0.0905991802745429,0.5829922124600638,0.5438173182475248,0.3786161765292686,0.6003151399592173,0.8732494013496845,0.5695742872595225,0.0768519623046642,0.2164059598960266,0.5914166636289625,0.2697391338003637,0.3261001592173728,0.4991880140394991,0.6697681781405004,0.2777848605577689,0.5027194420589687,0.8638428028547597,0.6167467432760416,0.23397953158827,0.3049315823307924,0.0539587050726484,0.2888570062171209,0.2003022711181308,0.0,0.1325614174053839,0.0,0.3061282297593535,0.2125584401413475,0.1879222664285789
0.3939816158684083,0.1699477386144838,0.5399734432487757,0.657154031515335,0.5867948666693319,0.6489113751350122,0.4227447451559581,0.0836018831642464,0.2865135267952773,0.4819205597988222,0.3467698913538481,0.6733726038338658,0.5401328159813928,0.4138701568173657,0.5555599692804747,0.5574704303025906,0.570501429344047,0.6775319098174878,0.3148324359450426,0.4650724796170061,0.3804718040020125,0.4684766016118707,0.1301011053486301,0.5148978084215711,0.4595219123505976,0.3022093840268558,0.4548871793287402,0.4135172618752787,0.31791970084629,0.6494994949031131,0.0188835075197552,0.3128579849409985,0.6871630085507324,0.0,0.4690787097976633,0.0,0.3882361634523017,0.3362626847631758,0.2610820463018076
0.5207063376874698,0.665055601398876,0.3161083294143682,0.5203941309312037,0.3539159636988767,0.4767778977886419,0.4214145287023543,0.0,0.2015851614772999,0.5675460381425425,0.2753887190163294,0.6130316493610225,0.6039214407599423,0.7485535293882926,0.4163157755356055,0.2336187504535229,0.4869350227922427,0.5594655851127281,0.4241668213887857,0.4963972830775586,0.4847311994426596,0.3125584754526205,0.3604431871758604,0.3992155345270343,0.2783426294820717,0.4564759153720039,0.543465051853225,0.4508395661003517,0.3765695729187168,0.5239232252732114,0.0921029824114198,0.3670214540722698,0.4712025488807798,0.0456879296841006,0.2934173587894743,0.0,0.3009064262666567,0.3352974256960357,0.3011810406942138
0.3522109337203677,0.4142402451962745,0.6311516224515201,0.7850321082976923,0.5196897613241116,0.5133685786292235,0.4318117352478017,0.3456269478151316,0.2517231385693225,0.4297361885572371,0.2735020493136425,0.7293829872204473,0.5285576097470845,0.1921910538286582,0.4049283652445645,0.4929069008054569,0.7071003631306497,0.7092130899836973,0.3717392313405123,0.5778077497903985,0.4626988427449006,0.6581258309669584,0.3677772539158677,0.5860097794350442,0.34599203187251,0.1920004163739037,0.3832401314095633,0.4023725791272474,0.3740011808699074,0.5292864358526951,0.0385215396380321,0.3642632322356054,0.6120717825826479,0.0250133644964382,0.4860274674711989,0.0,0.4490258380748293,0.3895365917122017,0.3348579305159613
0.4314852443154329,0.4601556053283036,0.3964563335085341,0.6903851734100399,0.3590133130771997,0.3108597199325416,0.3672473322313403,0.0,0.3174229155378587,0.5147212720428597,0.1165311300500943,0.5958965654952076,0.5141782690447466,0.366665336578748,0.5327983898731496,0.6263333575212249,0.6865178088542069,0.8662670483915862,0.3171648718900853,0.5531294426420733,0.467643302240972,0.4171331024407859,0.0,0.6235621064480953,0.3921593625498007,0.5000650584224633,0.4968640899681776,0.6899549259497748,0.3694056288132257,0.6468546239324088,0.0,0.4223638406014703,0.0,0.0,0.3685743240882035,0.0,0.3394788048966722,0.3110232585467395,0.3407996825496277
0.4696952104499274,0.5261699870328893,0.5712744474259315,0.7100160226082786,0.6203174349338343,0.3388664658063782,0.4681383816351882,0.0,0.3623820264361588,0.4458866344907298,0.3079435300240712,0.6625399361022363,0.4197180649298422,0.4618331271697058,0.3202113291491222,0.7598686597489299,0.7044425558216795,0.3836335440772993,0.2737537133308577,0.6926451111192115,0.4031234276425279,0.4676887218291942,0.3985279480328985,0.6448798677313823,0.3268207171314741,0.7158768574179615,0.3499346041750343,0.5449502204170593,0.4225152529029718,0.3723757920837541,0.0145500892174356,0.3903996085104489,0.7551876259462992,0.1184405186667827,0.2627115682551516,0.0,0.3846153846153846,0.3787760515028663,0.3609536042103944
0.4033381712626995,0.2898345711029904,0.6324656283714625,0.7494543481826323,0.5155519130052371,0.4782180281583386,0.456596797699508,0.0,0.4007509986013281,0.6855973634475109,0.4043068115282024,0.6742212460063898,0.4420641907680937,0.2740114121543433,0.4768411853499643,0.6376532907626442,0.6841381441705942,0.7645632033082828,0.420882844411437,0.4357404099685295,0.4816155126369159,0.5406825008617435,0.1942741893236942,0.5106764695535934,0.2741513944223107,0.3205818825305122,0.4957930402364549,0.6287334687205903,0.3864396772288919,0.5079988979704287,0.0,0.3984184711888158,0.2168727193507978,0.0362644056839514,0.3902757230887509,0.0,0.3628168181482301,0.4087158696984194,0.3683364138550379
0.4253507498790517,0.148375181736021,0.5659077706160611,0.5564008427639631,0.5004397713189139,0.3403634434275104,0.3674331712947114,0.0,0.2291175766434394,0.4369367258641424,0.1425541604319822,0.525958466453674,0.4310215527079461,0.3815091177526835,0.3750827573422315,0.7404941586241927,0.4794715290118209,0.5965247127122351,0.4423505384329742,0.3169297318314924,0.2845531601966171,0.3346026952054232,0.2394048928702394,0.5035705491258311,0.2797450199203187,0.4866630233950084,0.5976972430767965,0.4497250978255485,0.2680476284196024,0.4379832858848378,0.0472699464695386,0.2186002024178928,0.5403436631991722,0.2500590524261223,0.1846657425419641,0.0,0.4185817384664645,0.2154793980140844,0.2546599417311487
0.3445766811804548,0.2547447836850172,0.5770145785498906,0.662579009121532,0.5384400111941792,0.4468762435336251,0.4249063468930643,0.0,0.1985484053880369,0.4770629305093482,0.2050224448637043,0.5911541533546326,0.3781234036540698,0.2635569211124857,0.5267339318344324,0.6978629997823089,0.6184346751139612,0.3772018768141875,0.3126160415893055,0.6221096246612959,0.3446510817819406,0.5844918996109845,0.152024726282152,0.5492137756358392,0.1323346613545817,0.4289952377234758,0.3954130235527956,0.4195353905592154,0.306317654005117,0.5039397557167783,0.0,0.2862100030029028,0.5235417460922607,0.0,0.2825957808659592,0.0,0.3572871252986526,0.3419870907091716,0.3529338053319131
0.3215868408321238,0.759243978152383,0.5157680710393096,0.6095908557586769,0.6198976532203253,0.5210429575730016,0.4264126214067039,0.0,0.2607830042464182,0.3985911313121847,0.223212543100644,0.6543655151757187,0.6543306487549861,0.6547424284745222,0.3363788035274491,0.4871925114287787,0.6527234798732905,0.4776432462523361,0.8522790568139619,0.8406177474817432,0.4307098347331345,0.6420891945570639,0.6488553617266488,0.5481584409188449,0.5921115537848606,0.6714289431909857,0.3259389707624019,0.6637030065877463,0.2959063176540051,0.7009826430342544,0.0553453989293907,0.3982293995306574,0.2591634442568487,0.0,0.5966312160005591,0.0,0.6883913396881695,0.3816970093756033,0.3795411589027077
0.1761490082244798,0.5960548548076547,0.470344961133088,0.7156933247542989,0.6339703354255788,0.2870596706649233,0.1891743855084654,0.0,0.0673126598707173,0.2620308326695094,0.0695075141500227,0.7472918330670925,0.6800678209266687,0.5775108734687364,0.4590185641270092,0.4547384079529788,0.6889747353781966,0.7283291582170266,0.5131243037504641,0.5438097668258423,0.2526512365986761,0.4969551729231982,0.4932421813609932,0.1717205473669398,0.4156494023904383,0.8280636011138005,0.4047847087053687,0.744662935261776,0.1277406022436528,0.627495637799614,0.0,0.1886490273931466,0.0,0.0,0.4285065290575093,0.0,0.4847779501958175,0.2475176054860289,0.2139135156584485
0.4872859216255442,0.4092302251561948,0.2703532601178455,0.3778559983851229,0.2863510974293366,0.4185852614026111,0.4137364410841264,0.0,0.3629238542861103,0.2525342455055214,0.2182291327825125,0.3707443091054313,0.3235514689099742,0.241171541438889,0.3166891766637536,0.4008961613816124,0.280151433207139,0.5046224501968269,0.1688869290753806,0.3493359579095736,0.4388667414947554,0.1600709091804409,0.2696317250772696,0.3686811833819959,0.1381195219123506,0.3116818903375231,0.5181512033861649,0.4170092624696619,0.3783310371974021,0.1889613371292129,0.0438236043843997,0.4090620933569116,0.3760960731986275,0.0196302696520258,0.155311193169243,0.0,0.2725806054336313,0.3966123603521936,0.3605463487985966
0.4074794388001935,0.4461864906283155,0.4506348723339511,0.5802328955502567,0.4141246551793067,0.4206128133704734,0.3935875742133627,0.0,0.279646173813334,0.4665198444309076,0.2614533862468284,0.703437000798722,0.6077363678850523,0.5399824428394717,0.2756150525674639,0.5592845221682026,0.5397821216101367,0.1698974114278898,0.3516756405495729,0.5321814359834264,0.4211982815342336,0.5861825583113112,0.2128712871287128,0.3929187040489676,0.2464382470119522,0.6355166939912043,0.4611795965026107,0.5175095348952401,0.3428360558945089,0.4895399026540542,0.0600662758093296,0.3603483367255013,0.6656227874298785,0.1251041187513209,0.3210828567101937,0.0,0.3876942781841915,0.3739245754958494,0.3235592034501843
0.520106434446057,0.2610318676568821,0.4025560873053197,0.5187666376493446,0.423859593011634,0.6079245068500938,0.5089056035368108,0.1058152642397719,0.4205466160960673,0.5335738718897897,0.3628000780690911,0.6169129392971248,0.3679828708685209,0.25523722118032,0.6102592622017426,0.4824395907408751,0.4103067295062969,0.3630263628772516,0.1899832900111399,0.4220221387866195,0.4578995239385376,0.32651051327085,0.3032112735083032,0.5232173637738771,0.3171155378486056,0.2853722642933356,0.5113953512322224,0.4853137847342617,0.4099094666404251,0.2493709247864816,0.4209839408615856,0.3458454283585243,0.3137356353139806,0.0394718848291209,0.2194252565610913,0.0,0.4120298529520431,0.3938928478499903,0.4107431889142988
0.4279535558780842,0.4076977484380528,0.7317353177127996,0.7716841401410495,0.5569503857993843,0.5342883671574481,0.4118584884437445,0.0,0.3828454782575824,0.60192430845165,0.2917832281569189,0.8420901557507988,0.6488093297249122,0.4384701328757832,0.5031513995921719,0.6916769465205717,0.6977053233408018,0.6199451270428248,0.5695553286297809,0.6222432836364961,0.4061133258505244,0.559164847430363,0.3811357326208811,0.7038554894994195,0.3850996015936255,0.6638301194472638,0.4844234353920146,0.7893654960622118,0.3744144853375319,0.7741757737165945,0.0326892684170277,0.3687675864446743,0.0793393606012744,0.0398572796101296,0.4653162020804455,0.0,0.4668218429025343,0.3313608474135253,0.3345028873364452
0.3100435413642961,0.1756847027388108,0.7216658828736617,0.8090407882618624,0.6035461559988806,0.4097360392625018,0.3796105204471875,0.0,0.3153186073764192,0.4067288318260625,0.2653568408041116,0.6915060902555911,0.567076418098623,0.2468377159730259,0.360782288604645,0.8848595892896018,0.7114270261917636,0.6905542963934949,0.1912945599702933,0.7170196478693546,0.4079517745868327,0.5471004382581293,0.454947875739955,0.4274105603827347,0.2508685258964143,0.4327426028573662,0.256083871432838,0.5439595819505669,0.3945384766778193,0.2965928919092662,0.0,0.4006650873622279,0.0,0.0,0.3099351171269818,0.0,0.3095642749821422,0.3299926976053182,0.2978499002746363
0.3731978713110788,0.1790836575111005,0.5252289136628951,0.6694927015126857,0.5333226722104505,0.3416898792943361,0.3906337112060954,0.0,0.245800834162876,0.2748543492182496,0.2175655455077743,0.628369608626198,0.4670405512624039,0.0675751167152148,0.5537062048144914,0.5017959509469561,0.5996136907981148,0.7382500298222594,0.2612908466394355,0.4469556130694178,0.3368231605836589,0.3980762601972983,0.299072764419299,0.2649066028775461,0.1222310756972111,0.4002654383636506,0.9192284322509556,0.474565357372827,0.2862723873253296,0.2678666544218936,0.0206678562324751,0.2532114377231323,0.5002450846903763,0.0,0.2881288804501031,0.0,0.2857213231852999,0.2553739749368384,0.2905923999874691
0.4478858248669569,0.4271484144760109,0.4231375695039973,0.4949093524090685,0.4804301763083196,0.2380762890114263,0.4151449055644128,0.0321464093892977,0.32386184649891,0.2969245427424519,0.1952247739249235,0.4455745806709265,0.4102731313921767,0.3085670962850646,0.3827361563517917,0.5365720920107395,0.4244765510314455,0.4999005924688855,0.2450218158187894,0.3302591769037291,0.4107191237372758,0.4236002823235889,0.3677510608203677,0.5745066310198053,0.2539442231075697,0.3728107840841075,0.7108886623206766,0.5360592401802959,0.3237650068884078,0.2980255303517309,0.0247157787407596,0.3658981459855638,0.3022575023146887,0.0,0.2562582268454343,0.0,0.5271312101283281,0.362912228573347,0.285893299082109
0.1576487663280116,0.3858304844984086,0.7218041992862874,0.8423350112915231,0.4579018910166712,0.4862713887783525,0.0,0.0,0.1726666750670984,0.5659684800774721,0.0516947498536204,0.736696285942492,0.5711195887269448,0.5224851362675074,0.4110060644580389,0.71366373993179,0.8447655103144555,0.914946916378385,0.3733638135907908,0.5908698769122348,0.2247261678987497,0.3965169147940843,0.104065168421604,0.3435466282055792,0.3764621513944223,0.5717073932391286,0.4109741403281118,0.7432017435237013,0.0305451682739618,0.3861327945633206,0.0722406321692582,0.17096526642421,0.0540956374925112,0.0,0.4828823371812644,0.0,0.5193477671863838,0.1633554083885209,0.1006965111786389
0.2046250604741171,0.1313214664623363,0.6717613211983733,0.7548162446538738,0.5481349698156956,0.4651052621605747,0.2255694989191991,0.0,0.0,0.7491370288802462,0.0,0.7115365415335463,0.1530861782255698,0.2632177486931886,0.6342919943857419,0.8421014440171251,0.7353627443405703,0.3990814744125014,0.4638298366134422,0.7136903243052771,0.1752815729380344,0.5954729740820379,0.1981245743621981,0.5063144193900165,0.2783745019920319,0.5321778957503838,0.6096126713422109,0.6650156025558474,0.1931115922062586,0.6575626779318576,0.0771246495029314,0.1390232780576779,0.1701977016502369,0.0,0.3370065348818247,0.0,0.3375575753097366,0.2501615759742821,0.1305305807044474
0.1447798742138365,0.8575975480372511,0.4565824780768485,0.6429607761502845,0.6447647223443811,0.4832774335360885,0.3307250657772474,0.0,0.1477803959123499,0.3973103415959887,0.1014507839437902,0.6431958865814696,0.5668481745954113,0.3577670484018995,0.60769047429888,0.4843081053624556,0.6559993819052768,0.6598174877728737,0.4575287783141476,0.7087935454865794,0.3134361574486201,0.4421154572164864,0.3071926240243072,0.5574277975164457,0.2741354581673307,0.3914435162776171,0.5708489098979413,0.6285601069889544,0.2197795709506002,0.5817797777573696,0.0795003823604384,0.2620978056565791,0.032378410761941,0.096933003468553,0.4456300161915967,0.0,0.4542230104189757,0.2669319030712025,0.2658229169929931
0.3241412675374939,0.5113560454241817,0.5547179728346565,0.6416486885432042,0.454383720465358,0.5068311447141529,0.475210047046626,0.0459651216762814,0.3137309257695845,0.4761257673023756,0.4098497169995446,0.6289062500000001,0.554044800939059,0.5482821914528551,0.4678504276899446,0.6251541978085771,0.5833268948466351,0.6030060837409043,0.5076935573709617,0.6194364451572923,0.502341603127298,0.5001231062160432,0.2252082351092252,0.5660463643718999,0.3072350597609561,0.4076820985244749,0.4144962461766613,0.6512209619099507,0.4203011218264121,0.3970061529984385,0.0,0.4741027437634157,0.0,0.0,0.2874416112385989,0.0,0.2948717948717947,0.4041917424185195,0.3378757975418481
0.5381906144170295,0.2748241581201618,0.4375778029821018,0.5746186745391921,0.2434334146243952,0.3056866200519206,0.4236935024794843,0.0,0.2705107042501984,0.3984193180575731,0.1737687853750568,0.5740814696485622,0.4575304052952492,0.3706556003351822,0.5416964593098701,0.3543465641100065,0.4837827397048598,0.0648137102866913,0.2155356479762346,0.5840168167292435,0.3802782830824012,0.1923247377837598,0.3201582062968201,0.2362542653111479,0.1492908366533864,0.2553412964842427,0.4126939990319359,0.3274803110604787,0.2534737256445581,0.3062356506566259,0.0,0.2961640697118325,1.0,0.0,0.1864013885167798,0.0,0.2412005221803491,0.3051477685728435,0.2951870764282656
0.591717464925012,0.4813941608707612,0.1033776867963152,0.2270163884788615,0.3169951625154918,0.3334470278362043,0.4164653410146812,0.0,0.195776262899913,0.3875326054699092,0.1756164205321709,0.4221870007987222,0.4654428467399219,0.598280196320977,0.5807446836683354,0.3289492779914376,0.2014525225990883,0.2577537874269355,0.0944230412179725,0.4364330064763849,0.4704687076672986,0.1513057465981649,0.2166954790717166,0.1159812853976852,0.0147569721115537,0.3831160382023053,0.5704060720280947,0.3339194610926743,0.3185002952174768,0.2200936725135457,0.0260310986489931,0.2721408472634657,0.2947688034420782,0.0,0.0312299789159783,0.0,0.2641074903322741,0.3888651071437564,0.3394421645103015
0.1951040154813739,0.513399347715038,0.4921021328390826,0.6631593555631252,0.4842282013353056,0.3157864817236089,0.3537495476285958,0.2063258404615078,0.1117047416237194,0.3867828749043313,0.0407520655780365,0.7344498801916931,0.5610551371091331,0.5555843741271298,0.6128412912793624,0.7609026921123285,0.6879548790852196,0.8005189073124179,0.3641501113999257,0.4428121848382119,0.2871463405194101,0.6390689887234706,0.491068154434491,0.4632567629366447,0.3327330677290837,0.629166991958779,0.9731722639313706,0.5249888553172521,0.2746998622318441,0.4128570116631461,0.4013459087433087,0.2330586233358913,0.0224797124339632,0.3965339333888634,0.3397789089892483,0.0,0.5849897780733514,0.2427920328355953,0.2271336528721949
0.1726947266569908,0.5694722778891117,0.7764391822733685,0.8832746678778245,0.6910006796465835,0.6175506414264871,0.4243390486996156,0.0,0.2187598442559947,0.5246864408103337,0.1687463405113525,0.9221246006389776,0.7970154444770506,0.6836319380711067,0.4658377691268771,0.5735070023946014,0.8685467047825076,0.5682532108632551,1.0,0.7627310173878176,0.4026396253434995,0.7069579633307617,0.3396982555398397,0.6118478910894573,0.6410517928286852,0.5995003513154813,0.5858230090318329,0.655034920005944,0.3680574690021649,0.8943704656074934,0.0376140708641346,0.3790553090209424,0.1986002941016284,0.0,0.7316737917457803,0.0,0.8063252789477571,0.3551146140222765,0.3017449328028571
0.1897242380261248,0.3583834335337339,0.7290796425903898,0.8911093448393324,0.5537120697237436,0.4447918443143275,0.2616027152065259,0.0,0.0691775557263643,0.4586945316526872,0.0714332183982824,0.8356379792332268,0.6344191202843262,0.4286540840349546,0.6072667567066552,0.721899717001669,0.8603105925983153,0.5844864606942622,0.486446342369105,0.4641490176065322,0.2157661493207414,0.5835727065311951,0.1993032636596993,0.2014282196503324,0.1743107569721115,0.5450854867671169,0.3575452364033328,0.6090445291990689,0.1405628813225743,0.4000367343190374,0.0306296201886311,0.1806968958882475,0.1510538641686182,0.0,0.4653977424953697,0.0,0.4571910638193057,0.2041900637070984,0.1312093397241105
0.4648959845186259,0.1116153876380212,0.5930177874906637,0.6511739399215271,0.6490424979010914,0.5881416633505769,0.4482829448644842,0.1367681188250116,0.4148763246430866,0.5898973806288365,0.3139158154967145,0.5955596046325878,0.3553099220711467,0.216850883843422,0.4526230767193666,0.5656882664538132,0.5608282469288418,0.2550598433337309,0.2808322502784998,0.3604904069308254,0.4333223671478886,0.4876811713146102,0.2105139085337105,0.5767931895732931,0.2738804780876494,0.4780753116298435,0.3764430850351697,0.618505126554064,0.4161483959850423,0.6280099182661399,0.0,0.3148154326960506,0.3229263112030935,0.0,0.3121716542220462,0.0,0.3538880267986896,0.3384282224964117,0.3162181635913662
0.3686889211417513,0.3166136193956539,0.4704279509806633,0.577116687483441,0.5272058529564625,0.3729748166676143,0.392805093946537,0.0,0.3178261362634039,0.6406603876731799,0.2334005594951532,0.4605256589456871,0.4101427065331985,0.2713379354375325,0.389409708429332,0.5100319280168348,0.5724947848257745,0.7277327130303393,0.1698268659487559,0.4035650493930667,0.4398827263227154,0.4460384419677297,0.0656660904185656,0.4936152249621839,0.2469960159362549,0.3112134696957869,0.4650209575596545,0.5089157461984253,0.3657252509348553,0.3346496464321792,0.0,0.3650751281794623,0.3000381242851695,0.0,0.1640360175661351,0.0,0.2721126136111725,0.3203988618336564,0.2906341697732945
0.2774358974358974,0.5932649612951393,0.3215026695067637,0.5418038681351954,0.4810698436812857,0.4631345574441476,0.3639706961140074,0.0864266295338505,0.1937727599198599,0.529169204817019,0.1873658187495933,0.5070636980830671,0.4283587118371428,0.4997206815370496,0.5576255925425704,0.4612147159132138,0.4566638337325194,0.6051433456598673,0.3617596546602302,0.6544915491075226,0.4514939814993999,0.4121924396369187,0.3771805752003772,0.2743166707707462,0.3059760956175298,0.4017747937648004,0.406710538511447,0.6140967853781762,0.2567998425506789,0.4228303792818438,0.0256334437930155,0.2960862166761202,0.0342301617558956,0.2743513557193829,0.1549151397253253,0.0,0.4258725584373999,0.3050806201159989,0.2365318546829151
0.4024092888243831,0.4158120161892411,0.6596171401698525,0.725067181408728,0.6069243993123574,0.4567676652833836,0.3857529905417697,0.0517737550560307,0.4297702901929159,0.6731799509551256,0.3709843211241949,0.6042956269968051,0.3694175443172802,0.1642991101711823,0.378591668652843,0.6163558522603585,0.7002395117051686,0.9355143345659868,0.332969736353509,0.5285969452848759,0.5215098502148082,0.6231308372864106,0.1022578448321022,0.2754247722235903,0.5369402390438247,0.374710490020038,0.3860310398451098,0.6951557778988557,0.4325132847864593,0.5186702176508401,0.0969054295182258,0.4531825208812963,0.2453161592505854,0.0,0.3398488007734692,0.0,0.4329786447942066,0.3981819555309344,0.4014494115681422
0.3954039671020802,0.4941255059137883,0.6434064566101414,0.7563554243467947,0.6293127573661694,0.6770507645955319,0.4383356644724616,0.0,0.3196784314713776,0.6974056198553643,0.375837616290417,0.7561027356230031,0.626104535524471,0.3402098878735884,0.5397764889701016,0.7070060227849937,0.6671714440237967,0.4064276909618672,0.4414454140363906,0.6920497211387745,0.4001141773425707,0.7614529816325526,0.2981036198857981,0.7353572308017026,0.2555537848605577,0.5604913212064437,0.425927642351778,0.7668780028728515,0.3453847667781932,0.5574983928735419,0.0,0.3123352574155016,0.0,0.0,0.4911295677193145,0.0,0.4104165127219881,0.3213725144579021,0.3095558827522112
0.4244605708756651,0.5644229635742073,0.8231486348170074,0.8887501103919861,0.5662655419182023,0.5826843272127795,0.442296970823267,0.0,0.1927773087536699,0.6460022179529233,0.2633660789798971,0.892509484824281,0.6790896344843327,0.6596903555325009,0.6214215725219145,0.6276032218271534,0.8551340492930543,0.5843174678913675,0.7616389714073523,0.7119284559958202,0.3364554708363972,0.7209592436354086,0.5301744460160301,0.7632884229781546,0.7507410358565737,0.696333307309964,0.567254714163603,0.7753231957996931,0.3118677425703601,0.8019652860685093,0.0311598266632679,0.3205098261652931,0.3165949567017047,0.0693337643124432,0.4827542022435263,0.0,0.6732554989039137,0.2893762747714854,0.3352860708206718
0.1718432510885341,0.7580258556328341,0.5608038949901795,0.7453288419565245,0.7342581857434134,0.5687756996949198,0.3833273017146099,0.3621112658311783,0.3075314071143257,0.6620745669525016,0.1801184047882376,0.6721246006389775,0.4879846098666406,0.7401141215434339,0.5932840761632372,0.6515129526159205,0.7457312833191686,0.2195912362320569,0.3208085777942814,0.865867142978651,0.4679045554824476,0.6586674983175484,0.3625910210068626,0.2272311534808457,0.5349641434262948,0.5737632393889716,0.5168432868868499,0.5579275843280995,0.3912025191891359,0.3570208467260536,0.4942136120316086,0.3036824485891918,0.0664587985403845,0.1059462685082735,0.2938250608640955,0.0,0.5446193255991526,0.3220272119121362,0.3447260424172175
0.1724334784712143,0.8268104837125227,0.6413317104207585,0.8483529515663046,0.5813377043937151,0.3463324048282266,0.269349269848101,0.0,0.1224656947367094,0.5995189228870873,0.0854856548045019,0.7824480830670927,0.5660764941797908,0.4725070827181676,0.6300945419877655,0.7439046513315435,0.7741636405779185,0.3680365024454253,0.3486585592276272,0.7096441026014896,0.2318961179703524,0.4222543210281831,0.4733616218764733,0.7865585534878813,0.3128605577689243,0.4029978921071124,0.3316134746295095,0.5937886968150972,0.2033162763235583,0.7165763614656991,0.0134998725465205,0.1494555848431261,0.3213332607156472,0.0,0.0675737067107761,0.0,0.4276213699844823,0.2047104642476435,0.2186439439031776
0.4646637639090468,0.3899563833549451,0.7126199894879526,0.8050792929866395,0.4507256226762084,0.5075701589828134,0.5702520564559513,0.0,0.4471465833343834,0.569357887009356,0.3441025307397046,0.8107278354632587,0.4779092895105807,0.5960655999361559,0.6124705383861659,0.4061933096291996,0.7534420149887969,0.3350033798560579,0.4389969365020422,0.6658161095517564,0.513178774625537,0.5341332501682452,0.2567709151867567,0.4033489288352622,0.4287649402390439,0.5207536367658154,0.4149287854913958,0.5774431621179854,0.4704290493997244,0.4982643034254751,0.0,0.440737157029573,0.6407466913566798,0.0,0.3129171665870677,0.0,0.5855809256385623,0.4359613560630859,0.4561365036600775
0.3994484760522496,0.0869189359110378,0.476181913745885,0.6398067194024954,0.4006116819253986,0.3510317776135525,0.4881111904459159,0.0,0.3694257884855281,0.2968620651953204,0.2830915360093682,0.5359424920127794,0.5952916625908898,0.1601891385020549,0.3328831333915947,0.4156810100863508,0.5928146488449354,0.4711221122112212,0.233963052357965,0.2172079855162274,0.4422049773580522,0.361571163599954,0.0904971449525905,0.3145776902240828,0.0523984063745019,0.2693158456293754,0.3841258071492569,0.2518202981821784,0.3968411729974413,0.3325741574065569,0.0186693856742289,0.4323846384838677,0.3920946571537497,0.0,0.1277738301862616,0.0,0.2458311781078351,0.3875557122352882,0.3437757797896891
0.1993613933236574,0.682423670871154,0.6265318542698277,0.8312831964472704,0.2221844640786789,0.1984916529285809,0.3614276352468236,0.0,0.2327087612303272,0.6075941458538338,0.1540563398607767,0.7817367212460063,0.5695110154662146,0.3663062128406689,0.2474643150340298,0.5601915681010088,0.8440392490149112,0.7669191617956977,0.381788432974378,0.3564320344111107,0.3287823663738048,0.6147103721090559,0.2827020797317827,0.578516902944384,0.5012589641434263,0.2917219663257608,0.5860701743545381,0.397741344296399,0.2809387915764613,0.6103039764900356,0.0,0.2486625960650851,0.0,0.0,0.1995293953195802,0.0,0.6062710904209462,0.2675278456256977,0.2894541733237263
0.4674407353652636,0.6688867931942315,0.3287919444521286,0.4732472906652536,0.4465677847519291,0.4627555757679116,0.5471297645712498,0.0,0.328372878365948,0.3933742561267045,0.3014377724285992,0.4334065495207667,0.3692001695523166,0.3736083955149436,0.5652657503773737,0.3598614033814673,0.4915089237425635,0.5449421448168914,0.2115554214630523,0.4657893777567164,0.6118841196733366,0.3058779114620094,0.3008015087223008,0.455288985823337,0.2083027888446215,0.4474458063340882,0.5910958692495444,0.5174104710485912,0.4420192875418224,0.3294333731288454,0.0154371654346163,0.5077463770533738,0.5763983443167583,0.0513942588609719,0.233601640127203,0.0,0.2823961181309884,0.4627955581295797,0.4619529463362677
0.553430091920658,0.6803607214428855,0.6536418711444301,0.7960082257799983,0.2649822092511893,0.8192636386030738,0.2497579201674508,0.0246270141237318,0.044127468151863,0.6331630820174,0.0981588706004814,0.7799520766773164,0.1128827154455639,0.3591835920354336,0.6291544185800166,0.6904070822146433,0.7818743722475466,0.81063859397988,0.500475770516153,0.4649023681940242,0.1843383519758485,0.5478226613922492,0.3041542249463042,0.4754986456537799,0.3839362549800796,0.2398313685689748,0.9250265187794154,0.7610332359205509,0.1808108640031489,0.8519606942786296,0.1354473617129747,0.1189816822928831,0.3633516692990577,0.0,0.3286195207753329,0.0,0.5206285869110074,0.2041313088073594,0.2096947672900807
0.2947750362844703,0.4415104719242408,0.6879028465517718,0.7998435587853094,0.480270259465078,0.4180357379720691,0.28009859251362,0.0184072674225847,0.229054573405073,0.6123892975961763,0.2959599245332118,0.6445686900958466,0.4493571141326203,0.3177048002872991,0.447472259738884,0.6859262753065816,0.7172371165881172,0.5424867787983618,0.2483290011139992,0.4746230209358558,0.338603553044084,0.578812599510858,0.179056000838179,0.4432229922257009,0.0970358565737051,0.3546985192703047,0.4979557368101256,0.5689484372678195,0.2945876795906317,0.4605565249334188,0.0,0.3159053751960228,0.1163471488481019,0.0172557405174235,0.388807995620115,0.0,0.3454025961230571,0.2737138972124996,0.1898227916836356
0.491194968553459,0.7315218672639394,0.477634236078453,0.5700642165953851,0.6470835165713829,0.6278589430201049,0.5060593315662322,0.0,0.3246430866546541,0.6532027552598284,0.3352286773794808,0.6623652156549519,0.5765756953275294,0.6496947448226327,0.5194248033685549,0.721899717001669,0.5781348991732983,0.682641456916776,0.3869987003341998,0.7007011020790045,0.4843441576034368,0.5026344730233245,0.5037456126565037,0.4807225525029023,0.5486215139442231,0.660473104848154,0.6175837529994544,0.6245975531229875,0.3641802794725448,0.5042703645881162,0.0710170787662503,0.4469097905753339,0.3792821741735199,0.0484727177791315,0.3368783999440866,0.0,0.5189413532353012,0.403486683621652,0.4044463937011163
0.3596323173681663,0.2161381586702819,0.4799441201692992,0.5774320931582202,0.4804901451245351,0.2251719629355921,0.4451725858038517,0.0,0.4343065233553004,0.5522234197085422,0.3646477132262052,0.5352685702875398,0.3034116969361027,0.2663700570607719,0.3296787691003946,0.6263696393585372,0.4722089160163792,0.2184182273649051,0.3510025993316004,0.5180014337962794,0.4422920617718773,0.5843605863138717,0.2665409398082665,0.4874942836036163,0.1362390438247012,0.2701746168058918,0.4088938321953431,0.4372182871860914,0.4113068293642983,0.4453852511709063,0.0,0.4308386996318663,0.3665922335384782,0.0,0.1793889128332964,0.0,0.3342570014039754,0.3771057336388588,0.3370404018253397
0.3136332849540396,0.7738221541121459,0.5003872859553513,0.5890642544440658,0.4423099988006238,0.5682640744320013,0.2123944874265202,0.0,0.2190496591524804,0.438483045155647,0.0,0.4625224640575082,0.5012770767441609,0.537448625354136,0.4741399856995314,0.4934874102024527,0.5932318627829715,0.1935564038331544,0.0923691050872632,0.5476008213951565,0.3707764059294809,0.3988477258178357,0.4247210435329246,0.5704787701832765,0.5054501992031872,0.4945220808285839,0.4966272232005851,0.7941205607013724,0.2693957882306632,0.4365506474423728,0.0,0.2991558506556337,0.1131474320570774,0.0,0.3545144268291263,0.0,0.3793935811226876,0.3322002031240819,0.1815314891972891
0.1916303821964199,0.4579747730755625,0.7047359539682978,0.852036889847722,0.4841682325190899,0.1033104049419211,0.274601668639169,0.0,0.1297866710348912,0.5958639863798948,0.0857328735931299,0.806147663738019,0.7191735411436087,0.5021347911096925,0.6077699213474221,0.6095530077643132,0.7681372170285096,0.3884548093363553,0.5979971221685851,0.6678817482593956,0.214469559159345,0.5473138223659373,0.396091990151396,0.6295247475991135,0.4104541832669323,0.6767116870950114,0.4551446432065581,0.5938877606617465,0.2571442629403661,0.4000734686380749,0.0671832781034922,0.2228487537953354,0.1977561135014432,0.0,0.5035936025720176,0.0,0.5594103303037019,0.2188536079705218,0.2369599949876257
0.2759651669085632,0.8016425006876495,0.7187889014910509,0.8339326041154131,0.4578219325950508,0.4693119587667937,0.3981748647776289,0.0,0.2963042300374239,0.3688205801040251,0.2730596577971504,0.8016423722044729,0.6470159879139631,0.7009496827740314,0.2348719578400995,0.7435236920397648,0.7975121687398591,0.2394130979362996,0.4284139435573708,0.7938249553457514,0.4056682277354181,0.7796891157690855,0.3032636596993032,0.2199669328455341,0.4129402390438246,0.6540453327087723,0.164303148268298,0.5840804398434791,0.3681361936626648,0.5392965377904305,0.0,0.3451113854503798,0.0,0.1742108731056603,0.2984728645147763,0.0,0.5075371314564397,0.3416429548678434,0.3240291135407204
0.4353265602322207,0.6377657275334985,0.5725192951395612,0.7313248299963413,0.6522808139767322,0.3975138802038924,0.3893817427791743,0.9328956965718452,0.3080480336689306,0.510191649875826,0.2879448311755904,0.6613418530351439,0.6014216309628615,0.3720322413311518,0.4326024204867458,0.5048980480371525,0.6484895310206288,0.6167342637878247,0.2500348124767916,0.6246612960060266,0.3949374927429653,0.5344779475731662,0.1282413955681282,0.4333204347979034,0.2827091633466135,0.5936450932937778,0.5316011163633744,0.5896775471791567,0.3466148395985042,0.1999081642024061,0.9179199592148868,0.386217788306474,0.0,0.3039272971393762,0.42857642084173,0.0,0.4675977240818738,0.3353561805957746,0.3323621858128922
0.4651475568456701,0.5773114857165311,0.5823812553597609,0.5778736611029105,0.5915124135449565,0.647433346597692,0.4820763113880221,0.065977057224322,0.2967956552966823,0.6191368726863783,0.2907292954264523,0.5659070487220447,0.5874661710522026,0.4358365587965365,0.5495484759407856,0.6896814454683986,0.598068453990574,0.9397590361445785,0.1963539732640177,0.5699218702535874,0.5410264349576187,0.7096827142458513,0.227015558698727,0.3588138037780983,0.4951872509960159,0.5872173211543965,0.5806325372550233,0.6777700728119274,0.4284097618579019,0.715915143723023,0.2143563599286261,0.5075461835329708,0.1579979303959479,0.1442619689943683,0.413281768728086,0.0,0.4186310007635654,0.4696530942848269,0.2879922308198365
0.4056023222060957,0.6559982710519077,1.0,1.0,0.887338583936353,0.57868607052849,0.6421522119739044,0.452264438697699,0.6908431093358198,1.0,0.6282479994795394,0.9024061501597443,0.7435629897725173,0.5590160009576635,0.5608431980085276,0.5910674116537262,1.0,0.4391625909578909,0.7992132380245077,0.5770908516506884,0.6543426094360799,0.8712473121809496,0.396065797055896,0.6820276497695853,0.6391075697211155,0.6769458974158795,0.2646110750661682,0.8092525632770324,0.6630486124778586,0.8207732574157406,0.3195615600305889,0.7073281950329763,0.8762866946244757,0.0994318535002548,0.4557293790114972,0.0,0.8730510603709449,0.6651222521592425,0.6885227070998193
0.3629704886308659,0.417757082793037,0.6326177764253507,0.7969039778963702,0.4161236157198256,0.5916851420233833,0.5446160467140719,0.0352363901598037,0.3391716334219579,0.283179482373522,0.2709908268817904,0.7382687699680509,0.5780212375145369,0.3025018953752842,0.7079658907338264,0.5725636746244831,0.7495016611295681,0.6234343313849458,0.2869244337170441,0.2623725683179625,0.4927526415605526,0.4509626906094579,0.2240033527162239,0.6575087065114152,0.2124462151394422,0.3186301298566112,0.6454001503589047,0.5640943087820101,0.4750147608738437,0.5873817614105977,0.2438541932194749,0.3921234971583642,0.0,0.0330320623593619,0.2104791081808333,0.0,0.3955023522746864,0.4339049345722223,0.4559067698380377
0.2038800193517174,0.383119179535542,0.6920246756480124,0.8926485245322535,0.6555391196577778,0.7655050878290033,0.4535451246588875,0.0567469000729394,0.2139589974924711,0.4409665276541242,0.2209355279422288,0.856105231629393,0.6225830643320617,0.4587805753960337,0.7480204443738252,0.3555075829039982,0.8466352468515798,0.8175275358861188,0.3843877645748235,0.4552667711636836,0.3010604946394704,0.5455246786927761,0.424092409240924,0.6264115101839801,0.3927968127490039,0.7465063627137167,0.75883873492549,0.7641289811283376,0.3121432788821098,0.6374506382587931,0.1650879429008412,0.2680924894064261,0.2510620336582974,0.053196911868916,0.391894882756532,0.0,0.5734500849774623,0.2764501968289141,0.2743752806407485
0.4650507982583455,0.41258988565366,0.4603585161415253,0.5584446715365303,0.5086954783512572,0.436776381861937,0.542581598020325,0.0,0.469563135545167,0.333364572106899,0.4387222692082492,0.5299645567092653,0.5335898355559904,0.3184030964446751,0.5312756547760917,0.4005333430084901,0.5035772232094567,0.616545389478707,0.3212031191979204,0.3880241558220635,0.588758369779773,0.3735370877993533,0.3136623186128136,0.4309283427727162,0.2180876494023904,0.3455122700184765,0.3119638314744443,0.484521273961068,0.5064160598307419,0.4516668197263291,0.0492786133061432,0.4892507201405803,0.4683296116769238,0.1564827131792583,0.3000687269211504,0.0,0.368420404443459,0.4606216268392382,0.4696594718210583
0.3043347847121431,0.6428150418484029,0.3943954189604138,0.5262480602551001,0.5997881101827047,0.7657514259185569,0.374465712692808,0.0,0.1727296783054649,0.4826859097511832,0.0440309674061544,0.690869608626198,0.6113991326746878,0.4417621004748415,0.4761394030878421,0.7379362890936798,0.4635092327899249,0.5472285180325261,0.5603532305978463,0.7368740810945454,0.3199674884855051,0.4805574249462436,0.359054953114359,0.6883772469835016,0.3299123505976095,0.5170062716319255,0.6499212160533879,0.5969835058695327,0.2798268057469001,0.507888695013316,0.0,0.307942121828879,0.2805947388486465,0.0420701915785024,0.5590993278740084,0.0,0.5481046331190422,0.2720939406911254,0.2891304574835793
0.3305757135945815,0.5199811387480844,0.7422197017898142,0.849034227823827,0.4258185743413427,0.5235252875523468,0.299318264067528,0.0,0.2581872708257204,0.6893303968886183,0.1664042677769826,0.7412514976038339,0.5647722455900095,0.3814492637963369,0.6770212653266601,0.4434003337929033,0.873831414664297,0.7778042864527417,0.3513971407352394,0.7892562485570908,0.2710454000077408,0.6825336900677905,0.2336686049557336,0.5594505223906849,0.2665019920318725,0.6901397454914513,0.695914563186785,0.6691515181534498,0.1413993308403857,0.6424281384883826,0.0909609992352791,0.1221625348948427,0.0493028702140406,0.0,0.3721621023448694,0.0,0.4503436045222787,0.240324327046559,0.2801395110846569
0.3121722302854379,0.3044913356124012,0.5885916622866469,0.6976268877029634,0.5040778795026586,0.3276296591059824,0.2618374592865736,0.0,0.249013999319565,0.6064383112319008,0.230642118274673,0.6259360023961661,0.3675915962915865,0.2507681257731138,0.4208045337782369,0.6106414628836805,0.6680831337402454,0.6603244661815579,0.4109496843668769,0.4357161083366748,0.4158087239230559,0.5508921097122599,0.1576824349101576,0.5440954022584163,0.4948207171314741,0.4423712493819451,0.3414382962070422,0.662439942542969,0.3384176343239519,0.5042887317476351,0.0,0.3170731707317073,0.1222291814171341,0.0,0.3403030973709041,0.0,0.4845316387103129,0.3482738649812404,0.2940488497645229
0.3941751330430576,0.6767652952964751,0.3160391712080555,0.584055612328577,0.3709870867149083,0.4798855475337769,0.3384129343988106,0.0,0.2165547309131689,0.4542273870327852,0.2085095309348773,0.52154053514377,0.4664971143499951,0.3375962651131241,0.6003548634834885,0.2235686815180322,0.5913930309819978,0.1007097697721579,0.2369685295209803,0.7047594745987192,0.4541742462360181,0.302119068332157,0.1555084079836555,0.5136314067611779,0.1628366533864542,0.3029900850964162,0.4668541003697181,0.4071028778047452,0.3217673686282227,0.316998806134631,0.0,0.3411520024912971,0.5145553074451282,0.0,0.1515253881906181,0.0,0.3482351782063596,0.341533838625471,0.2900076229859131
0.4148330914368651,0.4521788675389995,0.731112893855985,0.7653255617375065,0.4381321712709389,0.4983988024179031,1.0,0.0,1.0,0.6015963013292099,1.0,0.8084939097444089,0.7223798189268209,0.6412952396153386,0.4677842218161596,0.6906973369131413,0.8239820752530324,0.5239870372579427,0.8137996658002226,0.1412896876025224,1.0,0.7639315201155557,0.1479386033841479,0.8354381397966723,0.6880956175298805,0.2731933276081919,0.4452065375227857,0.8594779335281593,1.0,0.6618605932592522,0.0,1.0,0.5652606067207668,0.0,1.0,0.0,0.7104608487893789,1.0,1.0
0.2807160135462022,0.3660458171244449,0.7407535478159837,0.8513934622711732,0.4655179306760484,0.2169101623936482,0.3197409990316807,0.0,0.1746197754564584,0.3962169845211877,0.2072604254765467,0.6498851837060703,0.6011499125066572,0.4891664339012809,0.3073144249357804,0.6820078368768594,0.8048056864714516,0.8430852121356714,0.1301290382473078,0.4106489750786766,0.3074176568487052,0.5323769348193623,0.2235056839017234,0.3539240862560242,0.4230916334661355,0.522991646498556,0.5219616687778704,0.4925702115013126,0.3193367447352883,0.2732665993204151,0.0,0.2592950963709363,0.0,0.0,0.1871934954046152,0.0,0.4233232345624275,0.2747798789649065,0.1663377296032914
0.2467053701015965,0.648119768949664,0.4680627403247668,0.6496347602286059,0.5429776516211569,0.4999147291228472,0.4046009839689355,0.0,0.2257910056576908,0.7327835309185763,0.1905146054258018,0.7300943490415334,0.5697936026606673,0.4581820358325685,0.545324541193295,0.6432044118714173,0.6044193772695664,0.499214680504195,0.5227905681396211,0.6552692013268692,0.4084259008398806,0.6163189599986869,0.3835193043113835,0.7727512576072045,0.2596334661354582,0.7118692585942179,0.5714565246495918,0.608772103620784,0.3124975398543593,0.5817063091192946,0.0783685954626561,0.354186825041985,0.1993627798050214,0.0955530415107475,0.3682132165363962,0.0,0.4952585039040369,0.3242011432024777,0.3516911542036068
0.458451862602806,0.2764745176627763,0.2770477744889208,0.372683345318749,0.1691720305441171,0.2957762492183504,0.339518187775702,0.0,0.2422600521666814,0.3905315277322213,0.1344479864680242,0.3541957867412141,0.2456443531470431,0.2350464865727626,0.2801832578586372,0.2635512662361221,0.3806381828015143,0.6528689013479662,0.1528963980690679,0.3689838272640007,0.4666660215969345,0.2713589284834956,0.159044475876159,0.1325500404544975,0.1387410358565737,0.0551435188799542,0.3527358111656936,0.4323393927386201,0.3114052351899232,0.0319221232436403,0.0,0.3889537664186491,0.6065846086814443,0.0,0.2054701969783453,0.0,0.1076381191654965,0.3409295025138703,0.2577926756680555
0.5112723754233187,0.2355298832960037,0.424257932446264,0.4988456152303092,0.3282493103586135,0.4091675667481478,0.3445847475033989,0.0,0.2658736659064276,0.6690095746840979,0.2321384425216316,0.4350414337060703,0.0603758409686219,0.3076493356210847,0.4865469664468633,0.4406791959944851,0.4200571737618787,0.1027675056662292,0.0127529706646861,0.463468571914604,0.3916766652475131,0.3619815176534314,0.2707842212792707,0.3299328103563513,0.0429163346613545,0.4125744918937204,0.4170193921792772,0.5798702263608893,0.2588073213934264,0.2841215905960143,0.0236655620698445,0.2211359870096648,0.7819154730134523,0.0,0.2055866832853798,0.0,0.1259144313899356,0.3304375561319131,0.237586541775007
0.564412191582003,0.1484734174230815,0.258969819358765,0.4488475076643579,0.2690400991484429,0.3515244537926592,0.3697121450718414,0.0,0.2870553546452287,0.2791965387438888,0.281282935397827,0.4286017372204472,0.0651906920125642,0.3257850843940784,0.3605307062842617,0.3501378709817866,0.3507533029436761,0.2518390393256193,0.0,0.5336638355265556,0.404429693849905,0.2237906866044023,0.1205144323956205,0.1942519435747705,0.0136414342629482,0.2134436724178312,0.3305424248977869,0.4836049333795635,0.2838909663452076,0.2021856919827347,0.0253173591639051,0.3555548140980725,0.9539104623931156,0.0,0.121262245623027,0.0,0.1420355181162096,0.3150773466287278,0.3123126886166891
0.2156845670053218,0.7640182325435181,0.5918006030595591,0.6477423261799327,0.4385319633790427,0.4123510128285297,0.4237521884994963,0.0,0.1646022605561926,0.3373631351233149,0.232736972220415,0.8028404552715654,0.6902083537122177,0.6359482861817165,0.6394428113662247,0.6881938901385967,0.6007880707718457,0.1968666746192691,0.4243060712959523,0.654880375217196,0.3848647288771916,0.7067445792229536,0.4685158992089684,0.5001055334716995,0.3166374501992032,0.6563614125484685,0.6170688252438185,0.7279211451780676,0.3112477858689234,0.5823491597024518,0.0,0.2559140502485736,0.0784679483688252,0.1948854382933227,0.1973860472701434,0.0,0.4322150791891425,0.3606795423832666,0.3108820734521684
0.3915239477503629,0.3983457110299027,0.6690641511521755,0.8024298853184966,0.6073841602366767,0.6762738521592484,0.2558319232386858,0.0,0.2679905747155404,0.6512659512987521,0.1853099993494242,0.6623028154952076,0.468214374993207,0.3383943178644109,0.5884510473769233,0.6721935998838979,0.7488681140384762,0.7825957294524634,0.2014598031934645,0.6208823922526397,0.3517726516236403,0.5438504341545887,0.373042066111373,0.4222218313575122,0.3608446215139442,0.3960756759570094,0.5318894759065304,0.6296002773787706,0.2082759299350521,0.5682248140325098,0.0,0.2484512806824375,0.0,0.0,0.386990809230375,0.0,0.4868346510997806,0.2307808526175307,0.2332738113885321
0.2161780358006773,0.6867656882392235,0.7292594539268029,0.956322622156618,0.601367289009715,0.5778523108407709,0.3357916255049443,0.3007095020224123,0.2233338793613991,0.3644002936444716,0.1195107670288204,0.8645666932907347,0.498157748866934,0.3719524360560233,0.5362675776594901,0.8412306799216314,0.8979834659661591,0.6404131376993122,0.5461033234311176,0.4915855599703521,0.3145972829662885,0.6151863828110895,0.5166850018335166,0.5099025574277976,0.546597609561753,0.4494756291149453,0.843111811412859,0.762766853236911,0.2844814012989569,0.5203048948480117,0.5151057863879684,0.2644222748657034,0.111377375959915,0.9703494660417472,0.4756135916223048,0.0,0.6587231212591441,0.2894686038996466,0.2407088332654574
0.3581615868408321,0.2609729262446463,0.5823535920772358,0.6760657557750778,0.5854155838963739,0.3677069713679344,0.1593129823257269,0.0379683044890922,0.0,0.7335176420973714,0.1390540628456183,0.582343250798722,0.0566587324877455,0.2682654323450781,0.4936045125923574,0.7577098904288513,0.5812253727883797,0.1334943735337389,0.3298134051243965,0.5880873400648853,0.1281011727367726,0.532344106495084,0.1911834040546911,0.7191402539838886,0.2842231075697211,0.3414005777187914,0.4863080709776418,0.554807073158651,0.1602046841172997,0.524455872899256,0.0,0.1749691368322711,0.6058765862425792,0.0,0.3041923421901755,0.0,0.4068080494593461,0.170061860515868,0.1265937783904013
0.3944073536526367,0.5873511729341032,0.4968602174334006,0.659084314244982,0.7127493703274299,0.5243590472400661,0.3797767975038879,0.0,0.1960408765010521,0.2657013885634849,0.186272851473554,0.6202076677316294,0.6480267805710436,0.3172060173177446,0.6444214930748657,0.680737972570931,0.6006489994591672,0.4609726032844248,0.3164106015595989,0.6705184753156176,0.3145101985524634,0.5578845427835135,0.3393839383938394,0.4911527772891969,0.3144382470119522,0.4614203554792204,0.5461632732927572,0.6618455594630741,0.3096437709112379,0.4011387638901643,0.0319347438185062,0.2731195711409918,0.5093132182343009,0.0,0.2980535138094517,0.0,0.251545604571541,0.2870176852248214,0.2752002339108007
0.4101983551040155,0.4620220833824511,0.3794849096793826,0.4616025131524166,0.7172870107544076,0.6503894036723323,0.3590606324396756,0.0,0.1926891042199569,0.3893600737235055,0.2793702426647583,0.4846994808306709,0.5903355179497213,0.4317664897649735,0.5338312015041977,0.7902184166606196,0.3391949316232713,0.5445047516799874,0.33505848496101,0.736643215591927,0.3024538452606725,0.4649967992383828,0.3773901199643774,0.6113026348190101,0.397800796812749,0.6395242928149478,0.6882009454073595,0.5981475060676607,0.3112576264514859,0.5856001469372759,0.0,0.2671916185646124,0.1696530690049561,0.1549038377860934,0.385196920102042,0.0,0.4166851400280794,0.279891555242196,0.2556728590374153
0.4540009675858732,0.4746551927384181,0.6076516639464438,0.6939051007405725,0.5516731299724145,0.4145491065506981,0.6038302409061123,0.0,0.4758634593818122,0.3608078346844102,0.4147160236809576,0.6750823682108625,0.5870748964752682,0.5407804955907587,0.3427478085855777,0.5858428270807634,0.6668160395580623,0.7116485744960038,0.4353880430746378,0.670919452241218,0.5486124550063861,0.6079969797941664,0.2769657918172769,0.6507017975868012,0.2387729083665338,0.6495693132432925,0.4435793658149763,0.6457476843825845,0.5097126549891753,0.4732114978418585,0.0,0.612914706438446,0.0470017972877294,0.0,0.374328747655713,0.0,0.3512401783295154,0.4632823844417025,0.4836419076261187
0.1484179970972423,0.4557742936854099,0.6145398212951949,0.7838966478684886,0.4177027945468354,0.6451405074564645,0.2638816889836559,0.0264040846097738,0.0845125439447587,0.4486200271777328,0.1334330882831305,0.7545676916932907,0.5869009966632974,0.3376561190694704,0.4456449776224147,0.6075575067121399,0.7300007726184036,0.217324744522645,0.3558647419235053,0.5366529362446687,0.2828114719201144,0.5894653907391298,0.2951438000942951,0.4039293629296092,0.3148685258964143,0.3170427043485049,0.4043109751701838,0.5956956758630936,0.2654103522928557,0.6630911929470106,0.0683864389497833,0.214674185045544,0.0271090899188497,0.0,0.3906018847484478,0.0,0.4131382546368135,0.1794962187025239,0.1455363762622307
0.557174649250121,0.5511611458210541,0.1704888102022185,0.336954190479795,0.4128253308279692,0.3900289920982323,0.529768483651053,0.0,0.3362482831617545,0.4176155444137263,0.2969618112029146,0.426405251597444,0.3851120023476475,0.5288695582778022,0.5710918672704643,0.4104927073507003,0.2971644904581626,0.6515865441965885,0.2389644448570367,0.3397975674066513,0.6191314781127838,0.3057137698406185,0.1599612342186599,0.4367854504520351,0.2534820717131474,0.4316235979909961,0.5623526019299493,0.5721432463222551,0.4489175359181263,0.4993295986775642,0.0344022431812388,0.4933213217221091,0.4112521104515004,0.0954535847930678,0.2652859156406165,0.0,0.3188379024113893,0.4585819924625857,0.4178753798439898
0.4645863570391871,0.342488899367362,0.4900135550084373,0.6219169095290362,0.4571822652220842,0.4014363405529344,0.4573792779663338,0.0257277368874743,0.3511674500069304,0.3119191540540118,0.3032463730401405,0.5583940694888178,0.4291521297292597,0.4411835122301584,0.4078546648658669,0.5860605181046368,0.5456849262149422,0.598463159568969,0.2815749164500556,0.5499580796850508,0.4606959012269225,0.3655762191618929,0.1718267064801718,0.4839237344777851,0.3928764940239044,0.525724100242017,0.5762968455525691,0.4904651047600179,0.426717181657154,0.3112498852052529,0.0668875860310986,0.4212516543770088,0.1864277544796034,0.1490234593532827,0.0290633336051347,0.0,0.314133353038252,0.3636256809273201,0.3699132232699477
0.1675761973875181,0.6167039962277496,0.7494951450939167,0.8304883741468276,0.5381601567185064,0.9018247967710762,0.3644401842741028,0.0,0.2568516021723517,0.59545788232354,0.1916596187626049,0.8293854832268369,0.6415924875281229,0.5635848529587806,0.6431370991234346,0.7359407880415065,0.809441396894074,0.1862300687900115,0.589549294467137,0.6462654467247476,0.382668266439602,0.6939251185923214,0.2821520247262821,0.5125057163963838,0.4901035856573705,0.4530148072969526,0.6746480468790231,0.6458219822675715,0.3386931706357016,0.6155018826338504,0.0,0.2431795179784903,0.0,0.0,0.4960452898761751,0.0,0.3996034385083375,0.299666775782909,0.2044839865083592
0.3952878567972908,0.4701167039962277,0.7504080334172454,0.7655652700503388,0.4520849158437612,0.6749095181247986,0.3566056006025098,0.0,0.2319023197792366,0.5533948737172579,0.1555786871381172,0.6745082867412141,0.6421467931787799,0.3745660588164878,0.5672519265909273,0.7289565343589,0.6979216564938576,0.5807189152650205,0.3940076123282584,0.6227900703532242,0.3582459263846421,0.516389540895885,0.1352087589711352,0.5883315158124319,0.2379282868525896,0.3741379759023602,0.5757201264662569,0.6076824013076427,0.2686479039559141,0.4292221507943795,0.0,0.2917709341252099,0.2505854800936767,0.0641744470828101,0.3998392488962922,0.0,0.301571467277519,0.3069523833505401,0.3025907709658219
0.4496468311562651,0.5050493143149042,0.3098425959224321,0.4370261029736447,0.5375604685563506,0.625149224035018,0.3855867134850693,0.0,0.1822305666511258,0.400043734282992,0.1212543100644069,0.4699855231629394,0.5727390307259231,0.3064722078129365,0.5214374619316227,0.5872396778172846,0.3426253573360117,0.6118632947632113,0.1962843483104344,0.6379056853667723,0.3414676626543328,0.2968993647719252,0.244093456964744,0.3274703626833645,0.1532589641434263,0.4532490176178207,0.5477183551147776,0.4400663727772551,0.2312733713835859,0.3306272384975662,0.0878511343359673,0.2427680090754395,0.4573416480583845,0.015589840496289,0.3275827926427249,0.0,0.3704278430503213,0.2543751416412761,0.25540135542955
0.3338074504112239,0.0030256591614601,0.3909375086447758,0.5892408816219421,0.2946467836724904,0.4353552005760523,0.2357808664012754,0.0,0.1794584241630019,0.5330115739656062,0.1636198035261206,0.542232428115016,0.363809275381221,0.2282231355492598,0.4887052779322582,0.5311116754952472,0.431816425867264,0.6908525189868385,0.0316909580393612,0.2744018760859792,0.3273019313387776,0.2592452768248445,0.2382262035727382,0.3741689239103669,0.2132430278884462,0.33682046477737,0.5065653288843576,0.4204764971023826,0.2429541428852588,0.2366975847185232,0.0377772113178689,0.2224928542035078,0.2326942976962039,0.0,0.1470057194776754,0.0,0.2328136160989186,0.2394262164362635,0.2294727608784185
0.1961490082244799,0.6808518998781878,0.7069351849290437,0.858256689754362,0.6562987246631751,0.6272715214219393,0.3489177319809466,0.0297062529010012,0.1902319779236652,0.5279665120347375,0.2173703727799102,0.8473317691693291,0.6781875292097341,0.4520968836040062,0.4868117899420039,0.6289819316450185,0.8850807386231939,0.925136188317627,0.5848264017823988,0.5743569180670481,0.3250377365793242,0.6727180211086126,0.348001466813348,0.5534702923277167,0.5304382470119522,0.7302157337288884,0.6020741289997015,0.8245826935459903,0.2569966542019287,0.8163100376526767,0.0,0.2362283540756064,0.1197511028811066,0.0,0.4113364474006081,0.0,0.7220251730338183,0.224301026532034,0.2433925420047409
0.3967585873246251,0.6024205273291681,0.4065672632714598,0.6461526815790468,0.5566505417183063,0.4983988024179031,0.4558827844560295,0.0,0.3225639797885611,0.3447511050716147,0.1281634246307982,0.697621305910543,0.6134750616800896,0.4093412074538127,0.5495219935912714,0.6236847833974313,0.5486363285173451,0.8437313610879161,0.3049921091719271,0.6060462460054191,0.4044006657119634,0.3531671125847381,0.5622347949080623,0.6933549090653254,0.289195219123506,0.6637000026023372,0.8590745718375715,0.6558769627024619,0.3108935248966739,0.4380567545229129,0.0,0.3582351828990246,0.4167665159849681,0.0,0.2548487425303156,0.0,0.4584841991182047,0.329531051964512,0.3513987657028289
0.139709724238026,0.7492828794844593,0.4921574594041328,0.5776844176980431,0.6197177467716786,0.9026396073749834,0.3598039886931601,0.0,0.2038658787061655,0.3536541555378535,0.1268622731117038,0.6332118610223642,0.5617507363570164,0.8082079725469855,0.4147268345647628,0.5251433132573835,0.5937881480336861,0.7851405622489961,0.3474285183809877,0.83749498778843,0.336078105043155,0.6094250119002675,0.5271622400335272,0.2653287367643437,0.4929561752988047,0.8398261638951781,0.7836788498573651,0.7002575660012877,0.2911336351111985,0.5750022958949396,0.019005862860056,0.2790030362683927,0.170293012363161,0.3472655618682945,0.3271867391988072,0.0,0.5482154732875192,0.2459396167501825,0.2049225692595261
0.3675761973875181,0.2013242170615743,0.5558106724943981,0.6046326785511524,0.5746012073721665,0.5484054345972371,0.5749860620702473,0.0,0.5085873413893475,0.4763756774909017,0.4119315594300956,0.590480231629393,0.3579836316801982,0.1644786720402219,0.5134530335531371,0.635367535011973,0.5010430348450899,0.4912123742494731,0.2857176011882658,0.5124485109175082,0.5434357704067808,0.4116507722863288,0.164099743307664,0.6207830583600099,0.1624223107569721,0.3976631014651157,0.4364115714565247,0.5109960869780577,0.5080889588663648,0.4985949122968131,0.0,0.4894175480742495,0.0607673873972005,0.0298743115730323,0.3402565028480902,0.0,0.3120889677085641,0.4974273747471441,0.4327036538120151
0.3161780358006772,0.7822311289245156,0.407175855487012,0.447245246836481,0.5645664254587612,0.4774979629734901,0.3967174952806658,0.0,0.1366036214261413,0.7474657544944786,0.1046906512263353,0.6761057308306709,0.5012444705294163,0.53720920952875,0.6020364926776307,0.2497278862201581,0.4295449277601791,0.4918684639548293,0.5319462495358336,0.8363042078275557,0.4086968301273367,0.721024900283965,0.3452511917858452,0.5057867520315193,0.4937529880478087,0.2690556119395213,0.7244106651836749,0.5483183912031304,0.2576854949813029,0.6071448250528054,0.1549222533775172,0.3355132183332777,0.2068787103098959,0.0,0.3958670658264122,0.0,0.4928815980689177,0.3511696421826605,0.2662092875118783
0.3477987421383648,0.6761365868992886,0.5440814407037537,0.6154700175365555,0.5425978491184584,0.561631895097872,0.5268928686704683,0.0,0.4447146583334384,0.606953750995736,0.3800273241819009,0.7119483825878595,0.5495451433043139,0.694625114720083,0.5277005375916952,0.4967164937232422,0.5450977362280768,0.6107201081553939,0.3623398626067582,0.5088883218508121,0.5097921585323373,0.534789816653809,0.4995809104719995,0.5698807471769797,0.510788844621514,0.347490046061363,0.5724142902750745,0.6555550052008519,0.4576362920684905,0.5743227109927448,0.0,0.381546606163736,0.0,0.0855700734736502,0.3491677053362378,0.0,0.4597527032685532,0.4318736937526754,0.3665403130645447
0.4183841315916787,0.1955872529372468,0.5007054137043903,0.588181118554685,0.7824131451645144,0.2161900972088,0.4752785140699733,0.3840461507857569,0.4302869167475208,0.4416381612857879,0.2856287814716023,0.5602036741214057,0.576793070092493,0.2896133434420014,0.5245358968247664,0.6305601915681012,0.5445878080815884,0.7383096743409282,0.4099169142220571,0.4147681016780277,0.3702926036304523,0.5951775191635342,0.0,0.6836634185809266,0.2377051792828685,0.5402971868738129,0.5831453847025264,0.4830848481846552,0.3449025782326314,0.5868858481035907,0.4456487382105532,0.362750658970338,0.0,0.7779877419595461,0.3904155066571925,0.0,0.4384344441981328,0.3276005338302319,0.3755625868028361
0.206318335752298,0.372981256630909,0.5302359677999391,0.7129177548162444,0.3475992483908368,0.3101396547476931,0.2421874235859114,0.0,0.1486750418971535,0.4109460662574385,0.153522867737948,0.5261955870607028,0.3257578227743541,0.3259446949443358,0.2676438653637352,0.5490893258834628,0.7577532256818357,0.8738120800031811,0.5000696249535832,0.640238642024812,0.3733308820683514,0.4430182361341365,0.309052333804809,0.5976360502339326,0.4510278884462151,0.3768444062768366,0.2674225806119402,0.7013472683144286,0.0769336744735288,0.5464964643217923,0.0,0.3328662151190595,0.096318283317902,0.0,0.3167728633499132,0.0,0.5268110051971722,0.2917348643181494,0.1900734103985882
0.5456990807934204,0.2086133050414553,0.2650695731555506,0.4698535256046326,0.3548554751529205,0.3406666287684992,0.3290818572169133,0.0149990053709966,0.1814619271430551,0.2864751729847085,0.1500227701515841,0.4087085662939297,0.2576760463877748,0.378795738398308,0.3297846984984509,0.2969486974820405,0.4148806304566171,0.2133484432780627,0.1185364834756776,0.6184157766194,0.3482989511166156,0.1979219670731908,0.2579496044842579,0.1831357512224294,0.2586294820717131,0.4193926145678819,0.3947333189153562,0.3317152905047305,0.1892540838417634,0.1145743410781522,0.0222380830996686,0.3864513474136109,0.8907739229889439,0.0,0.1733782193903106,0.0,0.2380477351658907,0.2482982062968465,0.2399152073347744
0.0307692307692307,0.6501827183779325,0.8542559960164873,0.9478949825265256,0.640866749290369,0.7252382847289336,0.3294046303269789,0.0,0.1279217751792442,0.7385939428018055,0.1613167653373235,0.996181110223642,0.6561783342571761,0.6767686844100396,0.7357723577235773,0.8987011102242219,0.9212238275515722,0.2594834784683288,0.5345571852952097,0.7952466008092444,0.2750319309517358,0.6597015905323114,0.1962386714861962,0.6298061701903122,0.456398406374502,0.7154865068831813,0.6108690950659624,0.79171826242013,0.1598799448927376,0.6688401138763888,0.0,0.2249730294840568,0.1382277653722564,0.0,0.5709925798222419,0.0,0.6144486317396978,0.2727486381453596,0.1497551246305984
0.4675181422351233,0.602931352901882,0.6298791114553652,0.7386296254242206,0.8724063486986766,0.7446231974684026,0.5140504112911903,0.0,0.2767606254961505,0.3071708604720178,0.3178322815691887,0.5049420926517573,0.6614061973545491,0.7128207174494234,0.3578427478085857,0.8285320368623468,0.6705246078961599,0.490248121197662,0.3571063869290753,0.7202760665378681,0.4294809768936021,0.5724110762766115,0.3762114306668762,0.6977697259647518,0.4797450199203187,0.7759908397741173,0.3206455134344653,0.6694734756550598,0.4101948435347372,0.5282395077601246,0.0231761407086413,0.3929910024134441,0.081204727411361,0.0,0.3239367712325416,0.0,0.5220079312298331,0.3549215622088485,0.3796873531530967
0.2130527334300919,0.9794490942669654,0.6587457467703117,0.7306814024197923,0.3420821172990045,0.6056695658764901,0.2321814571738769,0.0,0.0486258993712276,0.5105040376114834,0.0,0.8684105431309904,0.797950155966394,1.0,0.4081989354095496,0.6422248022639867,0.7123387159082127,0.4501670046522725,0.4603369847753434,0.5857786850387005,0.1638154584510585,0.6808102030431857,0.3512494106553512,0.5661870756674994,0.4257848605577689,0.5722018372498507,0.5981915737222069,1.0,0.1703011218264121,0.5909266231977223,0.0703543206729543,0.1674730016794011,0.0525434344534611,0.0857814189987195,0.3340128367910353,0.0,0.6081307421365056,0.1125576007856369,0.1572423587398055
0.2062409288824382,0.6325199418444731,0.5562117900910122,0.838941246230902,0.426278335265662,0.575578420783355,0.3425013937929753,0.0,0.0835422940739154,0.3788638458054135,0.1522347277340446,0.7382687699680509,0.5946395382959994,0.5985994174214915,0.5789438839013799,0.6951237210652348,0.6983697751680443,0.0994174718676687,0.3011279242480504,0.7222080462703072,0.2732225103533691,0.4052984915384994,0.5684163654460684,0.8012452949660535,0.3363346613545817,0.5769901371431547,0.6641332221089383,0.7263113576700184,0.2912418815193859,0.350978051244375,0.0,0.2759667678756131,0.2212025488807799,0.0,0.1508847135019278,0.0,0.410096307790832,0.2747379111793787,0.2498355314683124
0.2007256894049347,0.6693976187669455,0.5078287089546045,0.7594337837326368,0.550053971934594,0.6922858279802171,0.3802071616506421,0.0,0.2422348508713348,0.2467863111694235,0.1497755513629562,0.7929437899361022,0.4577151738454683,0.4841586528869559,0.5380816186012025,0.5980153834990205,0.6680367766360195,0.6485546144975944,0.3462448941700705,0.6956585134691794,0.2939389247977705,0.4403919701918815,0.5673686416260674,0.9342174693073488,0.3674581673306773,0.7385171884352146,0.9557780043459906,0.6859428401604832,0.2836941546939578,0.6026999724492604,0.0,0.2470276823151268,0.2103915908719568,0.0288300160373957,0.2747795496639371,0.0,0.5375625015394466,0.2540645800283702,0.2624395643411338
0.2184228350266086,0.3197375142441745,0.5498907300340259,0.6185609931493887,0.373925558709471,0.4354688950789229,0.3967566192940072,0.0,0.2637819583926614,0.6357871389969231,0.2574328280528267,0.6184604632587859,0.4024911148064821,0.1198874745620686,0.6053997510659146,0.6521478847688849,0.5645368152669396,0.6609308521213567,0.3857222428518381,0.4736145032138906,0.3887157951774586,0.4759614595472974,0.3659437372308659,0.6329545854293455,0.0896892430278884,0.2954953548286363,0.7446370274250523,0.4191391351726188,0.2851800826608935,0.4688033795573513,0.0,0.2848420139468152,0.0555389140025053,0.0,0.2046081983062891,0.0,0.4173624966132169,0.3359773038215865,0.2755552770903167
0.4219932268988873,0.8905654446147195,0.4630556861877229,0.6845690927671171,0.5937112701395273,0.3490800219809373,0.5405080253132367,0.0443206683906902,0.4299340986126687,0.7847648501319838,0.2661375317155682,0.751572484025559,0.4717901898768572,0.7268664458720722,0.4637589046900241,0.5023220375879835,0.7141775477091864,0.4849397590361446,0.6005268288154474,0.6190354682316918,0.5578434028718503,0.6012671733171382,0.3923725705903924,0.2620396102297112,0.3940398406374502,0.6985192703047336,0.6363065261943751,0.5552280945069099,0.426313717772092,0.9387822573239044,0.0849859801172572,0.4114310500150145,0.1402973694243232,0.3119086987331701,0.255466119957599,0.0,0.5853715608758835,0.4469904900997994,0.4800183787057632
0.2645863570391872,0.1705371527368462,0.5170544136767268,0.7048938344498694,0.5054171830648062,0.6193508043886078,0.3512749537847592,0.0283933426165373,0.2464308665465405,0.5763866110616497,0.2465682128683885,0.699530750798722,0.6371471735846186,0.5347551973185429,0.3166891766637536,0.6349865757201945,0.6232249092173373,0.1685653505109547,0.3586033234311176,0.5321935867993536,0.3513178774625536,0.605469198824746,0.1868877363926868,0.3399584901677982,0.3208446215139443,0.3243032242954171,0.6126095508800117,0.4679280796473324,0.3283802401102145,0.4044632197630635,0.0218302319653326,0.2988110729260507,0.0291514623386525,0.0,0.3852784605169663,0.0,0.3747013473238255,0.2876639891219499,0.2103108716310057
0.4588969521044992,0.5299029431411844,0.7200337492046804,0.831409358717182,0.6919002118898174,0.5328671858715632,0.364626023337474,0.0,0.154773755371026,0.6452056292269966,0.1849586884392687,0.886519069488818,0.6863173454193703,0.6290451298830855,0.4609914991658062,0.721609462303171,0.8273352391253957,0.7045011730088672,0.6328908280727812,0.7420624794954981,0.2829856407477648,0.6126257735173908,0.3723348525328723,0.6377915362155698,0.3742310756972112,0.7964712311655868,0.587645853286784,0.7112536529793454,0.2160401495768549,0.623565065662595,0.0,0.2591505121617563,0.2374870649746745,0.0,0.5970272694444767,0.4064629160988904,0.7044631641173427,0.1955782741167879,0.1821371510917578
