0.3047882136279924,0.7434464571625905,0.2475730399408284,0.4753141488033034,0.0,0.1828962591592748,0.0,0.0,0.0,0.1068356643356642,0.1760201511335012,0.7625126296853052,0.4168981316620372,0.3130567495172238,0.2723149336756525,0.1632439835992168,0.6350994475842975,0.1208893943482786,0.526580559328141,0.4879825200291332,0.0,0.0,0.0,0.0,0.3158451635658231,0.5317943092673847,0.0,0.0,0.0,0.2052529842647856,0.0,0.0921122007803437,0.3141490575318952,0.2614019175952319,0.0,0.0,0.0,0.2222628014912881,0.1071428571428571,0.0
0.8148928952214791,0.5306250588641568,0.3856323964497041,0.4496979583513879,0.6254887762490948,0.3952371770150407,0.1698886936145284,0.4263894295724655,0.1293063391968138,0.2709615384615385,0.3560369437447523,0.6129525123832525,0.3598509128029816,0.564941132498598,0.4692982456140346,0.6096912122356164,0.4978247834351837,0.6622364007864605,0.2210704287812854,0.4145890526079894,0.3269847903637476,0.0,0.4563959634790966,0.0,0.4472974164535755,0.7174494748038824,0.2289336155141882,0.4553201008704141,0.0553661784287616,0.2939161692892024,0.1925311203319501,0.3480087173538613,0.4232995279809936,0.2916342748553166,0.4011707400444368,0.0,0.0,0.4136346344061477,0.2935031482541499,0.2138953014665942
0.534118445284482,0.3112736633912027,0.5782405695266271,0.3878877475594525,0.5687826856545176,0.5053798688777478,0.1559998047256395,0.4057569442854198,0.2121141719216727,0.3840209790209792,0.3628547439126784,0.5723650163877868,0.480473850390523,0.5323615523578145,0.8451861360718871,0.5797606609480496,0.2360843550259622,0.5953776167161418,0.280883616508218,0.3627934338058161,0.4493783303730017,0.0,0.5850264296011534,0.1789486082211142,0.4067895247332685,0.7403769445552453,0.2333174966527016,0.5606442690962337,0.4034354194407457,0.0,0.2217704011065006,0.2662483742838061,0.6660596355720221,0.2046730586507731,0.171181564404945,0.0,0.0,0.503674960054782,0.3096941695968599,0.3007706409560021
0.5703450615488999,0.6155150221329229,0.5241771449704142,0.2709581219891418,0.1487006195188671,0.3575588121866564,0.0712751415739113,0.1700290824154434,0.0,0.2196678321678322,0.0980688497061293,0.8655708617757952,0.3706288725874223,0.6294462094312587,0.6035087719298247,0.5907003696322116,0.2587295714631999,0.3648174563398743,0.1982870922143074,0.4051207350551857,0.1619923280146872,0.0,0.2086112445939452,0.0,0.5001146283396526,0.8364994681558304,0.0630587828791085,0.2502033677702757,0.0,0.3195367607162235,0.080774550484094,0.4100319870645717,0.5604885553706552,0.0,0.3229220076340227,0.1009646969330244,0.0,0.1651525526896446,0.1517908250879058,0.1568610809342748
0.8545604342347581,0.5915926286378048,0.7290356878698225,0.8858996253154233,0.4557888808431893,0.36789433089086,0.423891818004296,0.2769012342851908,0.0651510122801194,0.4366958041958042,0.0659277917716204,0.698415436555854,0.5383519692329606,0.7939637450943748,0.6544929396662384,0.5532191365883211,0.2946174553155659,0.466353753035969,0.2616064746805621,0.327469326012662,0.1804856933892562,0.0,0.4344257568476694,0.0,0.5587690679834229,0.8247656561627443,0.1431347989461408,0.2967339136093712,0.052276964047936,0.2199877916440586,0.1833471645919778,0.2280220745896165,0.4344458748050697,0.0,0.4381587193072409,0.0678745548217558,0.0751905619182594,0.3154378756752644,0.2279826641589663,0.3052688756110809
0.5335853445769119,0.5492104354377925,0.4787352071005917,0.3401728137027502,0.5011022608415802,0.333995372155804,0.4201571958601836,0.1362751608692665,0.0,0.2314335664335665,0.1101595298068849,0.8772517804775869,0.5567742088645156,0.6549554600386216,0.5747325631151048,0.6294634626021757,0.5212099562405115,0.4907378850379737,0.4406995759305967,0.2893999663846713,0.2207113751362001,0.0,0.4645266698702547,0.0,0.4483555242042149,0.9178965563090016,0.2562734850775278,0.1668225819572114,0.3937949400798934,0.3270822029300054,0.0907330567081604,0.6010053077436817,0.5718651553685621,0.0708300941521983,0.3442004215803566,0.205767435427544,0.0,0.2442516929163813,0.3518889524899828,0.2274748777838131
0.7177716390423572,0.5330738078046018,0.4244406434911241,0.3230698646547549,0.5761364550647678,0.4385460856151177,0.0,0.2335295060569282,0.2498506471954862,0.4113111888111889,0.2528295549958018,0.7538874787451638,0.3323837333523252,0.5168192861147451,0.6204321780059905,0.441012493744348,0.3494125001594733,0.6538513435367592,0.3406690872806895,0.4095467533195132,0.3202979237876323,0.0,0.276751561749159,0.0,0.3989066219910061,0.6298115277223775,0.1625707251760031,0.5323964858049296,0.1131824234354194,0.1276451437873033,0.0,0.0,0.5788146147969062,0.4109873024099508,0.5474847604398109,0.1469520417689568,0.0,0.4523929087727307,0.4606672663341238,0.2443984247691472
0.5080692061645826,0.5581577873355723,0.7288045488165678,0.5209644941758214,0.1737066537935473,0.4738912456613962,0.0,0.1462135611074217,0.0,0.2331643356643358,0.0,0.9999014268463984,0.589701588205968,0.7026723976826759,0.4456354300385108,0.0441978278620156,0.6665731089649543,0.2725529126026446,0.4602261703484021,0.6985265280968127,0.1748585757571234,0.0,0.1886208553580009,0.0,0.3351732651441673,0.7120479324557905,0.137887098864078,0.1023753355568209,0.170039946737683,0.3068027672273467,0.0980082987551867,0.1122183556539773,0.4881576606277539,0.2892804698972099,0.1668518202016749,0.0,0.0,0.1159552613558548,0.1029111129282852,0.0319120043454644
0.5553213143355626,0.5034062725645931,0.6589080991124261,0.527782733922973,0.556955507281358,0.3373698418819899,0.3485403241554384,0.5504362362316517,0.2398606040491204,0.3281818181818183,0.0592443324937027,0.5176076295620887,0.4446976711060464,0.6789696629913413,0.7503637141634574,0.4538486527300983,0.4352346809895002,0.5818073171672,0.450663821059342,0.4990475656899553,0.3587772586832246,0.0,0.3926958193176358,0.1865651132660673,0.5164800282162066,0.8522553516819573,0.2221742322809139,0.3759049865777271,0.1924633821571238,0.1895686380900705,0.1999170124481327,0.2629266406552076,0.4689629187729599,0.3634145288071176,0.4407651113769726,0.1643096711731959,0.0,0.3369854675492658,0.4268337558263144,0.1025767246061922
0.847145488029466,0.5910589269456565,0.4909624630177516,0.4645324089414524,0.5637943519188993,0.2376397994600849,0.2135813317711384,0.3631409008678925,0.1942914039163624,0.2308216783216783,0.2476910159529807,0.7117967421572734,0.6628207867435845,0.5332025166635521,0.5262516046213093,0.617636987804771,0.1696924077925061,0.5900670804579977,0.2488843925829429,0.6055801445459137,0.3859874322730868,0.0,0.3959442575684767,0.0,0.355859271669165,0.7016852812126049,0.1889603939014382,0.5417717400146425,0.3522503328894807,0.1892634291915355,0.2420470262793914,0.4324405075749588,0.6365035008948475,0.0897037228988511,0.4833219392696405,0.0,0.0852644884513731,0.4273605721676938,0.421109657371821,0.2076147474198805
0.3956818842686824,0.6261262675415185,0.5318278476331362,0.2911069762699768,0.3194947300667793,0.2182799845738527,0.0722515133762937,0.0677826375689848,0.0982409558579488,0.2007517482517482,0.0994122586062132,0.6944725104117894,0.3512095529758088,0.5623559459291094,0.7244116388532307,0.5146579804560261,0.1925162343875585,0.4142025521415629,0.2828099448432606,0.4296038993781161,0.1854709912384136,0.0,0.2643152330610284,0.1162105924384594,0.4748787584869059,0.6930760537162612,0.0,0.1101033108273,0.2920372836218375,0.0501899077590884,0.0,0.3631410594396991,0.6170052434927312,0.0,0.4507776448470347,0.0,0.0,0.1890892490299018,0.1106795322593834,0.1274952471482889
0.5027139672385386,0.5503720214736445,0.5686482988165682,0.3352407412127546,0.6384101697642609,0.426050906286155,0.4506932239796914,0.3482333005106597,0.261599734483903,0.2759615384615386,0.2647187237615449,0.6863895118164566,0.4057640718847184,0.5309910920077243,0.7404150620453573,0.487133111495474,0.1702665118711966,0.6414568796021434,0.3398098616923972,0.3510280687993727,0.3657327940057017,0.0,0.4656607400288323,0.3425071650111891,0.3621550127854686,0.8258792048929664,0.1082365136267438,0.3580492963475148,0.4569107856191745,0.147924579489962,0.0753250345781466,0.2381103026468417,0.6524119019958764,0.0307722207825861,0.4064974648208283,0.380069845441029,0.1043015283257363,0.541839762611276,0.3599231335350396,0.298852525801195
0.4118445284481922,0.6108686779895143,0.5227440828402365,0.4064053220503148,0.1283289081985678,0.1271114539143849,0.0596319078305018,0.1455494744555634,0.0,0.2380594405594407,0.0,0.6716281820646147,0.6140588277188233,0.5653148944122592,0.7822635857937525,0.5259049843279454,0.3901611318780858,0.3240680057056941,0.4517447822833226,0.5315143705529728,0.0676448199173097,0.0,0.0469581931763575,0.0,0.4923375363724539,0.8808585959313922,0.172223901870168,0.2186813633775319,0.1692676431424767,0.0768448182311448,0.067579529737206,0.6392140321276671,0.6570169654724899,0.0,0.2399162536318578,0.0,0.0,0.1820588906642319,0.0926486221277291,0.076928299837045
0.5865077057284092,0.1757762220199037,0.7787305843195267,0.521091937909413,0.6362700136776892,0.7092364057076745,0.4440538957234915,0.6216080056790858,0.2467972120809824,0.4768706293706293,0.5082115869017633,0.5606101678207939,0.5440733091185337,0.7286488506821156,0.7873341891313652,0.5795938435604099,0.296620440656775,0.5702899109449091,0.3072424402006707,0.4753767718079453,0.3412391599623863,0.0,0.5615185007208073,0.0882572337167759,0.4050965523322459,0.6459579843105971,0.2428195050317453,0.4439111689579435,0.059866844207723,0.1260851871947911,0.205698478561549,0.2340855566100741,0.370362230106649,0.0905243154530534,0.2686862644562183,0.1449465786106981,0.0,0.4186411017271551,0.3719028538719437,0.2419541010320477
0.5377532228360953,0.2729099299908952,0.8066059541420116,0.4697321132719904,0.657204923968139,0.5120902429618204,0.4366822886155048,0.4636927797751265,0.164288084965151,0.3954195804195806,0.3881108312342569,0.4394884053328075,0.4259905514801887,0.7532548433314648,0.8820710312366278,0.5739747315557039,0.171835729686284,0.6311634989783723,0.2915269270212589,0.4765533083085884,0.4170037464364076,0.0,0.66045170591062,0.3387381728239959,0.3850454104576316,0.6830624252094137,0.4525763399991361,0.4261978361669242,0.1839147802929427,0.1170984807379273,0.354744121715076,0.3683257759499455,0.6073764744052665,0.0580029368575624,0.46020623255284,0.3515092839113446,0.0,0.526972532907251,0.4422070488183825,0.3986454372623574
0.5609915673160799,0.4494082190060591,0.5507119082840237,0.4612825937348661,0.6798937967656287,0.3334168916313151,0.4817174380003906,0.5058966314777072,0.3260537670096249,0.3511013986013986,0.256255247691016,0.5985115453806157,0.4175865916482681,0.6017878278203446,0.8427257167308513,0.5240173138888645,0.377862546725693,0.6932707506071938,0.3101665788963108,0.4362429267746099,0.5378002000089556,0.0,0.5755886592984143,0.1392956695850182,0.3941980425006613,0.779434250764526,0.4475661901265494,0.4904620515740666,0.335392809587217,0.1988605534454693,0.2989764868603042,0.4721079827058947,0.5725873130501219,0.0,0.6506152794394121,0.539884512983645,0.0,0.5765959065662329,0.5851868509281216,0.3962011135252579
0.8983473878065329,0.7836938435940097,0.4676174186390534,0.4472892717865063,0.4865878188108455,0.5069610489780179,0.5579964850615114,0.4121001167876525,0.2748423498174576,0.4239335664335666,0.0,0.502747726656645,0.3834009923319801,0.5698623310284683,0.4991228070175437,0.6010079282158441,0.4592832629524259,0.5114884922317746,0.3157515452202112,0.4079220124376723,0.2016358941445139,0.0,0.439404132628544,0.2163637077460641,0.6070893219292831,0.7982066879404335,0.272189349112426,0.2747295208655332,0.1854327563249001,0.2940009495387954,0.0575380359612724,0.2215192098140532,0.5269867185782913,0.0,0.5682504415199681,0.1905535769855814,0.0796721185888841,0.4559233051814654,0.2379385068280317,0.3880363932645301
0.4123533973054178,0.5126047781998553,0.5049232618343196,0.414294089159636,0.4643012309920347,0.3042614731970692,0.1069859402460457,0.2919462318807391,0.1454696315964155,0.2774475524475526,0.1472040302267002,0.7017915670667093,0.3330009733399806,0.454899395751573,0.249657680787334,0.2592781197046454,0.4491662732990572,0.4433960445660973,0.6171872834612933,0.555325228304107,0.2456975685478454,0.0,0.0,0.0,0.4487082267877612,0.386833532774897,0.094652960739429,0.2127430244854795,0.0,0.4060804395008138,0.0,0.0770325846251186,0.506797701654683,0.4954003627882871,0.4847889249700906,0.0,0.0,0.3922392147911435,0.1582099926404448,0.1775699348180336
0.4112387321895898,0.6054688726336606,0.277505547337278,0.0,0.265878188108456,0.2121095256459699,0.2356473345049795,0.1286954132221942,0.0,0.1675874125874126,0.0,0.6064220409571454,0.294470954110581,0.3462904130069142,0.7308515190415057,0.5255889092776808,0.2003878391998264,0.4781892131539381,0.1786080545469663,0.1310717687265397,0.1440960042986999,0.0,0.1494858241230177,0.2206430842919398,0.3401463715721718,0.8123504188272836,0.1679479980995983,0.2603717562840641,0.0,0.0952930005425936,0.0852558782849239,0.2487257900101937,0.4580154269626466,0.0,0.1107645416737879,0.0,0.0,0.1469070988358822,0.0630059694169596,0.1320104562737642
0.6235339730541822,0.3810316139767051,0.4839127218934911,0.5034154920602555,0.5379032906911255,0.6864249903586581,0.0910466705721538,0.5402230415168655,0.0,0.4771853146853146,0.4391267842149454,0.5651691761748688,0.3790328324193432,0.5464710645985171,0.8678861788617889,0.4423645925704804,0.0334000995113736,0.6596919696210339,0.0872945480750575,0.2877752255028296,0.3641506336104602,0.0,0.6657376261412783,0.1464410506065721,0.332475090380037,0.4803799361786998,0.2428195050317453,0.3802977304156837,0.2435685752330226,0.1134529300054259,0.0,0.2297971809202433,0.5833045516866044,0.0,0.2301600865948841,0.1289720272466374,0.0,0.466590580537168,0.4462343609452939,0.3540704780010864
0.4267471164098086,0.5813895080526161,0.4950767381656804,0.4325312874365968,0.4381205245796122,0.4145005784805244,0.0969781292716266,0.2705580617829581,0.0480916030534351,0.113986013986014,0.092896725440806,0.9540156238448456,0.5266006694679866,0.4740546938266985,0.3333975181857078,0.2370036085234905,0.4984499189875356,0.4723582250665022,0.4197732753125086,0.4264104431620819,0.2371449467886622,0.0,0.2745026429601153,0.1085940873935063,0.3564588660611939,0.4580757213136551,0.0597330799464432,0.1797771089237777,0.0,0.1764107433532284,0.0,0.0894056030088931,0.3010036945168346,0.0312904897641876,0.0565857688144476,0.0,0.1521814072854023,0.1345202769535113,0.1448401341074495,0.1766023900054318
0.8152806048269845,0.7243587731139924,0.2461862056213017,0.3068462773685418,0.1787110789283128,0.0952178943308909,0.0,0.0506308823192653,0.0733820112844341,0.1879195804195803,0.0,0.903472239335617,0.4404956911900861,0.4705351024730579,0.5314933675652544,0.510601683977629,0.3522957784213414,0.3650680442576815,0.2856786496299786,0.3155638971370944,0.1657686165052166,0.0,0.042498798654493,0.0,0.4001763512917732,0.8439203563355937,0.0,0.1183600423004962,0.1099334221038615,0.2537811991318502,0.061161825726141,0.339554993145629,0.5307963619998535,0.284292130949296,0.1239674129778385,0.0,0.0,0.0885642547363615,0.1189794750183988,0.1477457903313416
0.7395803043520401,0.4503814397388002,0.4318370931952662,0.2394795197920118,0.213323678493845,0.3383918241419206,0.1016891232181214,0.0,0.0,0.2345454545454546,0.0,0.7421819167549718,0.2981981340360373,0.5062605120538217,0.7882969619169877,0.6438009780766834,0.2676855950907722,0.3204248429006515,0.3180797693949388,0.3750070031934571,0.0,0.0,0.1128495915425276,0.087668328687527,0.4430297151926637,0.91979956122856,0.048222692523647,0.0454120231025787,0.1563515312916112,0.1487554259359739,0.0,0.3184470455903547,0.5673856845322197,0.1267815496242549,0.1428815587079132,0.0772103315929601,0.0,0.0,0.045649685174585,0.0
0.746656004652515,0.3734970018522587,0.7338664940828401,0.4605816532001122,0.5815431651782121,0.405900501349788,0.3836652997461434,0.1535872128970207,0.0861931629605044,0.3806293706293706,0.4588748950461797,0.5900835407476773,0.5575576288488473,0.6961938578458855,0.7464056482670087,0.6274265345004698,0.3282089228531696,0.5645745788195382,0.2531805205244047,0.4928287299008342,0.3760765407406302,0.0,0.5441422393080251,0.0,0.4924786174058725,0.8259207552187211,0.144840841359651,0.3729154803546734,0.1786151797603195,0.1137242268041237,0.3116735822959889,0.2401314633203276,0.5922320951992213,0.1448345858167055,0.4863698513074688,0.231907610386916,0.1837821273987819,0.4049760328692079,0.4338457764330689,0.3602322107550244
0.5274304545895125,0.5764920101717261,0.4756379437869822,0.1799887849514439,0.2173948024780754,0.1665445430003855,0.0370044913102909,0.0948040944377017,0.0,0.2117657342657342,0.0,0.7367357500184825,0.2298506754029863,0.4511929234411012,0.694950791613179,0.6449160206151172,0.2115509740632535,0.3422838197309071,0.3448543474043072,0.2644685976805423,0.0617938116632088,0.0,0.2067659778952427,0.0,0.4670487611321753,0.8527955059167664,0.0,0.0841942568941674,0.4487616511318242,0.0489521161150298,0.0,0.3509437941579669,0.6975624561734015,0.0,0.0905685637782715,0.0,0.0,0.1958456973293768,0.0309919044893286,0.1079406572514937
0.6335417272462927,0.1580070950930836,0.8086630917159765,0.5442866974230878,0.3100168959691045,0.6100269957578095,0.1566588556922476,0.0565618631065515,0.0,0.3287412587412588,0.1537867338371116,0.5807190911555237,0.6465351470692973,0.8176664797857098,0.7358793324775355,0.646303238891279,0.1454907314085963,0.3439897451713636,0.1895008176501565,0.3236035632248306,0.0368673224174216,0.0,0.2534358481499279,0.1797730752620627,0.4249184375275548,0.8643464964765326,0.0988856735628212,0.1636907182949646,0.0,0.1364792457948996,0.1775380359612724,0.2831206720798622,0.4808628214386636,0.0,0.2164729675838888,0.0854050689810172,0.0946106408242999,0.2006391234877881,0.2465859841360699,0.0
0.3429776097702821,0.3881894954949296,0.6674371301775148,0.2084724594091708,0.6167189637138948,0.284998071731585,0.2266158953329428,0.4330989947102063,0.1260205774975107,0.2930769230769232,0.1275230898404702,0.486828162349984,0.4528642309427151,0.6291347411698749,0.8209028669234057,0.5423321070792031,0.2887615937129225,0.577518408573962,0.4195931151085119,0.4723794050086844,0.4196904339000253,0.0,0.5843536761172513,0.1490714930705508,0.4713693677806191,0.8536680627576121,0.2462531853323543,0.3027535996095338,0.1810918774966711,0.2246676614215952,0.2568188105117565,0.4714401209181342,0.6354150313458298,0.0,0.3393579445109098,0.2351232668303309,0.2604665415405829,0.44594080499125,0.4096614604628342,0.3210381586094513
0.6965445381409321,0.5339528458857874,0.4924417529585798,0.5005352636810849,0.4109099686217716,0.4132472040107984,0.142086506541691,0.3015411390231056,0.045370063060073,0.3381118881118883,0.1622166246851385,0.6068656201483525,0.6993566460128666,0.5444153740733819,0.6229781771501925,0.71708649042556,0.4597042726101323,0.4384710281815027,0.340973973779761,0.481735671466188,0.2357269728495305,0.0,0.2941854877462758,0.0536688783322209,0.4737148399612026,0.7106518415104375,0.0564937589081328,0.1183803790775237,0.2455392809587217,0.2328574335322843,0.0378146611341632,0.5195261696368941,0.5778831360482275,0.3977282542973137,0.652708938642967,0.0904533038276684,0.0,0.1403028227954044,0.2179041622373047,0.0639088810429114
0.9184355917417856,0.6385269833296703,0.611871301775148,0.4733515153059924,0.4938772226245071,0.4395873505591978,0.4273823471978129,0.2998694726236002,0.1240292067706604,0.5496503496503495,0.1778673383711167,0.5158086695088592,0.3474586330508271,0.685354762349716,0.5612751390671797,0.5706120442153877,0.3008432951022543,0.4727533829368904,0.3221680201779427,0.4920443722337388,0.1822171141991432,0.0,0.2973570398846708,0.0,0.6239837756811569,0.9041517085493952,0.0429533969679955,0.1863255511266574,0.3709986684420772,0.2968834780249593,0.2835408022130013,0.0656789342331892,0.7367578259913969,0.0806987993435259,0.3973110009684954,0.1831195325196224,0.0,0.3656242866925359,0.4467658843732112,0.3275224063009234
0.6229524086459244,0.4254230370765706,0.6528522559171597,0.4867968291999083,0.7948829350712043,0.5701311222522176,0.487502440929506,0.7279534681352904,0.3125124460670428,0.2693881118881118,0.6114189756507137,0.6094038788535944,0.4779574104408517,0.5941568554164327,0.8430252460419339,0.5678024882130346,0.3906204151410382,0.7514553375226494,0.3207544555004296,0.4419295198610564,0.5902204576324313,0.0,0.8321960595867373,0.4337874445447764,0.4454457278899567,0.7819937508310064,0.4959616464389064,0.7719840559668103,0.2017310252996005,0.128442078133478,0.6352973720608575,0.3359520545537628,0.6521502506619778,0.0,0.6570671680054693,0.1033505065523322,0.2901520664955758,0.6870881838240889,0.6644860577316215,0.5268196632265073
0.3912232238053694,0.4108875145198252,0.6096523668639053,0.7122830270435604,0.141765226486443,0.3351523332047821,0.0870923647725053,0.0,0.0,0.0583916083916083,0.0,0.7602208038640678,0.6880326662393466,0.5212732822525381,0.4669448010269574,0.3763663661027068,0.6573108964954137,0.2138478738578973,0.5853820782172454,0.6364222085270894,0.0959147424511545,0.0,0.068582412301778,0.0,0.287346794815272,0.4947563488897754,0.0,0.0,0.0950199733688415,0.4722090341833966,0.177759336099585,0.2754929874512285,0.3634337027850168,0.3075278569577611,0.0508175240699595,0.2221914871546627,0.0,0.1924522559537396,0.1801046692288821,0.0605649103747963
0.6061112726567801,0.2034659215772452,0.6721061390532546,0.5290954043789667,0.668050526993322,0.5940609332819129,0.4211091583675064,0.3253337607914081,0.1676734152007965,0.3528846153846154,0.4771452560873216,0.5086867591611425,0.4969968900600621,0.6329346539587615,0.7384039366709461,0.6049413066191384,0.2821530178737736,0.5764871429122171,0.4001912469857811,0.5084598576951089,0.3458513067749302,0.0,0.4334646804420952,0.107808880687841,0.4094876994973987,0.7247457120063823,0.1897378309506327,0.3858700073212397,0.0,0.2408946011937059,0.2861410788381742,0.206509894899645,0.4093692109642375,0.0,0.4601065344955278,0.2433871581203969,0.1051825180985942,0.4296888077303508,0.3333674053479434,0.2211943237370993
0.8807550644567219,0.5501836561705331,0.4673862795857988,0.4837254352203502,0.5982943116904015,0.4691284226764365,0.4071714508884983,0.4793331654033753,0.2613342183869897,0.3326398601398603,0.356943744752309,0.4825895167451143,0.5334377893312443,0.5762474303868435,0.7210954214805301,0.6274353143629772,0.2908793998698697,0.6163691738309109,0.2526538983896449,0.5341475712925092,0.3214024508560085,0.0,0.5915425276309467,0.1754151780456205,0.4453751873732475,0.8015722643265524,0.1354252148749622,0.4379118197348084,0.2830359520639148,0.2828438686923494,0.1734716459197786,0.262416956659285,0.6002595581232273,0.0964844087414701,0.4746624508631003,0.2168320597489713,0.17114183935343,0.4683101270638363,0.3876645678305667,0.309648288973384
0.8615634389842008,0.4920101717263678,0.5503651997041421,0.4373868936864374,0.1896532303483787,0.3318935595834942,0.1724516695957821,0.0,0.0,0.3468531468531468,0.0,0.6708149535474014,0.5852622082947558,0.4999065595215843,0.6664741121095421,0.631807685891639,0.2502711047038261,0.3436235012914915,0.3509520773857368,0.506162810241471,0.1054524829469976,0.0,0.1848726573762614,0.0,0.3967022308438409,0.8892102114080576,0.0,0.0,0.1881491344873502,0.2318061584373304,0.0,0.169039333544237,0.5943567040304771,0.1525654314589272,0.1678630433544123,0.0,0.0,0.107509700981511,0.1444312699321285,0.0
0.6826596878937674,0.5129501145888922,0.3860022189349112,0.3753472841740372,0.7661919703918255,0.5944080215966063,0.3420230423745362,0.6305846252490324,0.2089611682708264,0.5681643356643358,0.5821662468513854,0.688360974888489,0.2646535147069295,0.5132996947611037,0.626700898587933,0.4549197959559953,0.3726063049385709,0.7828366552295771,0.2950746971922725,0.3614488206622228,0.5958027971401704,0.0,0.6156078808265257,0.2951592006595736,0.376615818710872,0.5204427602712406,0.2302941303502785,0.6641177906125437,0.1320905459387483,0.1465850515463917,0.2391424619640387,0.3341593729129319,0.5347001999016191,0.3743197719616481,0.3176807383353273,0.2599495176515335,0.1899873597119546,0.5705242334322453,0.4290007359555156,0.5207767517653449
0.8497382960162838,0.6746303330926442,0.5666605029585798,0.1807407029796345,0.0906750341942231,0.3709217123023525,0.0754491310290958,0.0707824772722068,0.0,0.2520104895104895,0.0546767422334173,0.7202493900786121,0.0589226788215462,0.626985610166324,0.46193838254172,0.6671378526212279,0.241952974497021,0.3769324183661668,0.3266165913689403,0.0,0.1008403361344537,0.0,0.0312926477654973,0.1213536963605669,0.5295300238074244,0.1834446882063555,0.0,0.1145977385503945,0.0,0.205236028214867,0.0855048409405255,0.2255088052304123,0.3396443635069651,0.8828064265353719,0.4059704893750356,0.0,0.0,0.1186487103401049,0.1381143184234197,0.0524680879956545
0.5665891247455659,0.630898188553668,0.4714312130177516,0.559019193026279,0.3008930726526671,0.2871962977246431,0.0,0.1334814170235178,0.0735147693328908,0.3300174825174826,0.0,0.9439365188890806,0.5395389692092205,0.4463963122157852,0.4354086435601192,0.0363047314679052,0.7124631616549508,0.4070993484714136,0.4504975193325757,0.4069695781276259,0.148797707360031,0.0,0.4161653051417587,0.0,0.2562384269464773,0.5298663741523735,0.0478339739990497,0.1185430732937444,0.0,0.376000406945198,0.0612724757952973,0.2633660234103132,0.0,0.0478319080936339,0.2467669344271634,0.0765879464748798,0.0,0.1854675492657688,0.2273489246872189,0.1887730852797392
0.6254725210817096,0.7463347251436288,0.7041188979289938,0.2094027986643896,0.3511626035883819,0.3281141534901659,0.0573618433899629,0.1768073461723419,0.0,0.3848776223776224,0.146801007556675,0.8669015993494172,0.4604372907912539,0.7950227371830807,0.7811938382541719,0.7524254370176564,0.1765433831315464,0.3929218551216315,0.2567005737409572,0.3140792201243769,0.0652417272415182,0.0,0.2996444017299375,0.0,0.5234811744996032,0.586358197048265,0.0943938150563641,0.1570202554299194,0.4375765645805592,0.0741148941942485,0.0,0.5064501388449507,0.6832553612358315,0.296773775589531,0.7261864068820145,0.0,0.0,0.2500342387582743,0.1578420148826559,0.0741954101032047
0.7594746534845402,0.6977364769409475,0.7196283284023668,0.628832870287768,0.1690723308391664,0.6205939066718087,0.0,0.1178410313952689,0.0929638234317955,0.475611888111888,0.0,0.6693363562433771,0.5277639294447212,0.8456363296580078,0.33992297817715,0.0922500153647594,0.7151040404169273,0.1136898107097421,0.6198342526123228,0.4619586531458344,0.0418078421421854,0.0,0.0989139836617011,0.0,0.2667489639361607,0.2274049328546735,0.0,0.0569633124542422,0.0745938748335552,0.2628526858383071,0.0,0.3227881472107983,0.4226401666195694,0.7037228988511705,0.2735429841052811,0.0,0.0,0.0426234497451114,0.0,0.0873506246605105
0.4775855384317147,0.3370483157002475,0.7157451923076923,0.5850941809191242,0.5702470029769088,0.3675472425761668,0.4574301894161297,0.2670086331264741,0.1456023896448722,0.3283916083916085,0.3516372795969773,0.4964883314029423,0.5385893692282124,0.6250233601196036,0.8904578519469406,0.5568539996663652,0.3367822104282816,0.6182678592081421,0.3645056681171873,0.4005546529217323,0.3912712509515351,0.0,0.5038731379144642,0.304149817439441,0.357181906357464,0.8550142933120597,0.1980952792294735,0.4560318880663792,0.1168308921438082,0.1555378459034183,0.1705394190871369,0.4211747337340504,0.5022345023914931,0.0509631165241427,0.5820799863271235,0.4031672487120085,0.1680392231968437,0.4112303127139922,0.3970684438629487,0.2339251765344921
0.5399825530677518,0.3526826358584749,0.684171597633136,0.4772003160604594,0.5307748008689356,0.4569803316621674,0.2437268111696934,0.377842405367652,0.2576501825423166,0.2571853146853147,0.1215449202350965,0.8057616008280145,0.5338888493222229,0.6866317822213914,0.6307017543859645,0.6287435138765727,0.4984626768559509,0.453342457303674,0.595249314005377,0.41125553252283,0.1330955117393316,0.0,0.4758481499279193,0.0,0.4219204655674103,0.9734161015822363,0.1925668379907571,0.1323924184495241,0.317150466045273,0.1861604720564297,0.0,0.5869626348905059,0.6890954190084461,0.0,0.2049079929356805,0.1251339856851422,0.1386218255640249,0.2701818458495016,0.2613255376563905,0.1694900869092884
0.6356014345255403,0.4206197218472352,0.5662213387573964,0.3551474523997656,0.5977472041193982,0.2400308522946392,0.2411638351884397,0.3205935560695229,0.2414205111184865,0.3848601398601399,0.470193115029387,0.5628034204884301,0.3968853120622937,0.5024605992649347,0.8047924689773214,0.4683266460047236,0.3577178724978631,0.61988704267705,0.410598963385903,0.4153173847274365,0.277176589996567,0.0,0.5608265257087939,0.3878921125986416,0.4516532933603739,0.8597177901874753,0.3023366302423012,0.3776539494020987,0.108948069241012,0.2660234671730873,0.2733056708160442,0.173644064817744,0.617402953520257,0.0883432668221473,0.5074488691391785,0.341620275924069,0.1567012678591948,0.3504070607928174,0.4286940878240248,0.2376425855513307
0.3241736939032664,0.6151068973095151,0.4988211908284023,0.2231284887722071,0.5033228739238876,0.2544350173544158,0.0685901191173599,0.2411779523231582,0.0,0.2377797202797202,0.2412090680100755,0.5100914265999655,0.4894000902119981,0.6074876970036751,0.870902866923406,0.6289454507142418,0.4701784825791307,0.5151991210146882,0.4448294021452923,0.4052047733766599,0.1336477752735197,0.0,0.3698798654493032,0.0,0.6010404726214619,0.8147852679165004,0.0,0.3159318311234035,0.2384553928095872,0.1518244709712425,0.0777316735822959,0.615311610249921,0.542204360157828,0.0,0.235785905543212,0.0,0.0,0.2664231910522711,0.183048491291193,0.224911732753938
0.8236890568963848,0.4767839763915482,0.1716438609467456,0.2859455050595162,0.5558934749376458,0.0427689934438874,0.2322788517867604,0.2672376285236666,0.0,0.1143006993006992,0.0,0.7748835604623082,0.3187094936258101,0.2604186133433006,0.2935601198117243,0.5501637444357622,0.1142722273962466,0.5856336019121786,0.0014967155408963,0.3129026836237329,0.226890756302521,0.0,0.3207688611244594,0.0,0.3307821179790141,0.4815848956255818,0.0844598972055457,0.3918490197673472,0.1041544607190412,0.0663151112316874,0.1081881051175656,0.1672466519034061,0.4636042994547186,0.0,0.2165014527431208,0.0,0.1498065652890029,0.3104922772578559,0.2385722462997792,0.118549701249321
0.3733885819521174,0.2416098954572563,0.708579881656805,0.5959014095276935,0.3770375734170086,0.4288854608561512,0.1865358328451474,0.2723442258810598,0.0,0.1718706293706295,0.0533669185558354,0.4736440030557677,0.5780927284381452,0.6794057185572786,0.790607616602482,0.6726867257258752,0.1463455085924244,0.3757469447550022,0.2470134981568225,0.4471679085663069,0.1984417212711016,0.0,0.3334166266218164,0.0623846727651054,0.4268583017370603,0.753083034170988,0.1190990368418779,0.1930976978768404,0.1150732356857523,0.31066874660879,0.0,0.2451404267285317,0.4851957675280229,0.0,0.2977553694525152,0.104387815082466,0.0,0.2308757513505288,0.135272712404939,0.2018773764258555
0.7520112435785595,0.5188208332025241,0.6057923446745561,0.4639716565136493,0.1468501086169442,0.2441959120709602,0.178871314196446,0.0658590762325677,0.0,0.3797727272727274,0.1770948782535684,0.6804997658887603,0.4366260712674785,0.6279823086027534,0.7042789901583224,0.5933255485219101,0.3324445351670642,0.2191776861097189,0.2114526455833033,0.274637234578968,0.1093780318521724,0.0,0.1754156655454108,0.0,0.3911471651529846,0.7094635021938572,0.0621085820412041,0.0584885707313105,0.1404260985352863,0.2284488605534454,0.0,0.2137860733241941,0.5939171297895276,0.0,0.1732467384492679,0.0,0.0,0.111511831393137,0.1077970398233706,0.089506382400869
0.6850344092274887,0.6918029698929455,0.4967640532544379,0.3906532765783907,0.3351194786386676,0.2821827998457384,0.1518990431556336,0.1789828024456708,0.0,0.2315384615384614,0.148816120906801,0.7420340570245693,0.4754409704911804,0.6889055005294957,0.3614249037227215,0.7149529838362731,0.3843052702754424,0.4031477697675316,0.4417805371545774,0.4849851532298732,0.0928847560338522,0.0,0.0458433445458914,0.1739625456401397,0.5333744819680805,0.6625199441563622,0.1343886321427028,0.2146750183030993,0.1657256990679094,0.1992844546934346,0.0659751037344398,0.5646068403107315,0.4832804797638859,0.4751230888831304,0.3133652367116732,0.0,0.0,0.1407745567982956,0.1272180881511161,0.15703082563824
0.9285402733352716,0.4878975292751075,0.5497873520710057,0.5148344505900645,0.502840131949473,0.3628037022753567,0.3387033782464362,0.2415901440381048,0.1469631596415532,0.2473251748251748,0.1487153652392947,0.6547228862219373,0.4069510718609785,0.5652526007599827,0.7524604193410358,0.5550980271648946,0.3155276016483165,0.5334727630209337,0.22676626292303,0.3752591181578797,0.2916100720927803,0.0,0.5640749639596349,0.0,0.5090203685741997,0.7213718255551125,0.1342806547747592,0.4798055804116163,0.0,0.1991657623440043,0.2557399723374827,0.4146542936482829,0.4457073482160612,0.134274855316576,0.5275736341366148,0.2149994813457349,0.1696096832267208,0.4755230921403028,0.4495870471829258,0.3427315317762086
0.4274498400697877,0.4514802373402813,0.7560558431952662,0.3046032676573293,0.5729181752353366,0.4431546471268801,0.5273628197617652,0.4649522544596853,0.4468304015930965,0.3130069930069932,0.3724601175482787,0.6055102392863302,0.5251050494978988,0.64377374945493,0.7876337184424469,0.5928602158090205,0.3668269905464195,0.5259069355025252,0.4073145042822694,0.4881225838982574,0.3224771258414555,0.0,0.5147140797693417,0.1847198775077539,0.4867119301648884,0.8579145060497275,0.23949380209908,0.3515211909216627,0.0,0.0797782148670645,0.2281604426002766,0.3568490983865865,0.6018399321799742,0.0,0.4047741126872899,0.2851906918847895,0.0,0.4847599482614319,0.415078910785837,0.4057068169473112
0.7310991567316076,0.4404922613254638,0.8147882766272188,0.4978462009023017,0.246471960736986,0.5106633243347474,0.1129662175356375,0.0572259497584098,0.0,0.3913986013986015,0.0839294710327456,0.6851573473964364,0.6028298079434038,0.7307045412072513,0.7553487376979029,0.6768308208293459,0.3038669099166911,0.2697771695130883,0.4015216607999113,0.3134629391002299,0.0690777198979058,0.0,0.1246131667467563,0.098111577872875,0.4022043911471652,0.8713768115942031,0.0539670884982507,0.1652769869031156,0.3239680426098535,0.1854991861096039,0.0,0.1139407360539913,0.6407317864506473,0.0,0.092334643650658,0.0,0.0,0.123670394887012,0.1661419576416714,0.1100454915806626
0.4202045168169039,0.6195020877154427,0.4874260355029587,0.2548110009430837,0.509968621771663,0.3380833011955264,0.4031195079086116,0.3297762714969429,0.2962827746432127,0.3382167832167833,0.0646515533165407,0.616649005643313,0.4460983310780333,0.4874478290662183,0.8334189131364997,0.6716770415375295,0.3471798731867879,0.5186013338987625,0.2486903739017156,0.3568547257549443,0.2824753347164798,0.0,0.5862373858721769,0.1422794550665462,0.4777885548011641,0.7794758010902807,0.1407592968513799,0.4635768323436102,0.3627430093209055,0.15136665762344,0.1803042876901797,0.3772013076030792,0.6006154039373293,0.0,0.4343844357089956,0.225372566647073,0.0737350135978856,0.4132237693068553,0.3376195927712813,0.2023696360673546
0.5283512649025881,0.6045270461181049,0.3948548446745563,0.2701934595875921,0.5472684849947702,0.1350559197840339,0.2638888888888889,0.353179601090018,0.2361433786923332,0.1952972027972028,0.1340722082283795,0.7010276251262967,0.3914725921705482,0.4888805830685854,0.7624946512623016,0.4738052802093119,0.425653521809576,0.6759705462816608,0.3799855871836802,0.3348366855286011,0.4724092123527919,0.0,0.5931763575204229,0.2213497703270386,0.6765011903712196,0.8664988033506185,0.3654386040685872,0.4981900268445456,0.0,0.0955982094411286,0.3550760719225449,0.2845794228268129,0.4408301673521931,0.1217500215945409,0.4316641030023358,0.2923481207427129,0.0817405293599417,0.493022901924979,0.4542889851991168,0.3686854970124932
0.5154599205195307,0.3615358051046997,0.729729105029586,0.3491448525476002,0.3634725239359562,0.2889124566139607,0.1041544620191368,0.261169250498065,0.0,0.2989685314685315,0.0769437447523089,0.5542275561250892,0.5894641882107161,0.6200398679374568,0.8133932391955492,0.5696813787896082,0.2897184338440734,0.3777709240911369,0.4873056348568418,0.5017367919771418,0.1527232562652059,0.0,0.3401057184046132,0.0899454281339562,0.4156247244511067,0.8961241856136153,0.0921478858031356,0.0465915561701781,0.3325965379494008,0.0723514650027129,0.2090179806362379,0.2372315371366305,0.6698483468868724,0.0,0.2520082037258588,0.0792157947512188,0.0,0.1735524613862893,0.0,0.0724300651819663
0.7142580207424638,0.4513232662543558,0.5515671227810652,0.4712104605816532,0.6097835706814707,0.3385653682992673,0.256029095879711,0.474661659300648,0.0,0.3209965034965036,0.3999328295549958,0.6816826437319795,0.3184246136315076,0.5160406154612844,0.5398801882755668,0.5190830311597321,0.3557404028934844,0.6034253440764872,0.3354998752737048,0.3119502493136874,0.1970088212905055,0.0,0.3839500240269102,0.2016410820148403,0.3097786791288247,0.828721247174578,0.110914352351747,0.5791914097453835,0.1903861517976032,0.2019126424308193,0.1420746887966804,0.2319765193855671,0.5474897171025778,0.1543793728945322,0.3930524696633054,0.0,0.0,0.1596134824621471,0.3164608716984218,0.1513443780554046
0.4648395851507221,0.5897089756066931,0.3647605399408284,0.2376315856549333,0.8545981173062998,0.3474739683763981,0.3892306190197227,0.5023014037417847,0.1832392963823431,0.3450524475524477,0.5598656591099916,0.7273959437147292,0.4039598319208033,0.4485142963931974,0.7962986735130508,0.5844842269770055,0.2715129556153757,0.7881086395003662,0.2182294409490285,0.3162642164827165,0.5618460528083348,0.0,0.7478135511773186,0.325625220839386,0.4103694559562648,0.8164306608163809,0.5486114110482443,0.6893150573497112,0.1039680426098535,0.1800732501356484,0.3224343015214383,0.4722134345671201,0.4856144096622604,0.045003023235726,0.5289409217797527,0.4972165554441409,0.2671314206917685,0.6318800882599103,0.6242947092975712,0.4786461162411732
0.4345982359212947,0.2685775280193385,0.7256610576923079,0.6193510565085515,0.2406146914474213,0.389625915927497,0.0682972075766451,0.0919874510522338,0.0486890142714902,0.3188811188811189,0.0,0.5522068064762563,0.5708995085820099,0.6229676695944684,0.4837612323491655,0.1788282395497686,0.3876861054055088,0.2927541539766375,0.6878239419052634,0.6944086503445579,0.0922877143752705,0.0,0.1550408457472369,0.0,0.3650295388413721,0.4000797766254488,0.0,0.0569023021231595,0.074513981358189,0.3037337221920781,0.0,0.1710253435973145,0.4792405831684929,0.2423771270622786,0.1270865379137469,0.0507243871235434,0.0,0.1597352202693449,0.1264003598004742,0.1049531504617055
0.4682805078995828,0.3303613474398013,0.7254761464497039,0.4286060204419749,0.622624507200901,0.5330890860007713,0.3963825424721734,0.4342668712358881,0.23707268503153,0.3803496503496504,0.3643324937027707,0.5447152468025332,0.6501198869976021,0.6561390394318813,0.871715875053487,0.634643581481514,0.1848232397331053,0.5717741624580748,0.2919426813381746,0.5992212448876693,0.3467468692628028,0.0,0.4877078327727055,0.0841348985120332,0.5093907062869235,0.5968870495944689,0.2978879626830216,0.3451151061579761,0.0570705725699067,0.2017600379815518,0.1565975103734439,0.2575837463531231,0.3207636032528493,0.0,0.5346806813650089,0.2934545831748556,0.0820852644884513,0.4395952217910674,0.4451508708806934,0.3322243346007604
0.7145972666472811,0.5338900574514174,0.5158330251479291,0.43035199959218,0.4551130420790087,0.3709024296182028,0.1711579769576254,0.2903661636401108,0.0,0.2065559440559441,0.1319227539882451,0.5979201064590057,0.4554044108919117,0.6068336136547687,0.7950363714163453,0.5520777544623652,0.2586275085158772,0.4653032113805467,0.2607333906150392,0.4864418174687666,0.2884009731779035,0.0,0.2611821239788563,0.0823289230890031,0.4857596331893131,0.6923032176572265,0.0452857081155789,0.2381436589929228,0.1046071904127829,0.2838103635377102,0.1535822959889349,0.3395901437660374,0.4808523553853077,0.0848233566554375,0.0790748020281433,0.1919712319767643,0.0,0.2752491820741078,0.143347779867528,0.1190249864204236
0.6851313366288649,0.4143408784101967,0.2630131286982249,0.2281115387556394,0.5645184648805213,0.4166216737369843,0.1534856473345049,0.1439923057546543,0.0,0.496013986013986,0.0,0.6790211685847359,0.42850699142986,0.4882576465458168,0.7215447154471546,0.6237126526598594,0.2139366954569231,0.5704537568911678,0.1754760386928684,0.2923693204101072,0.2301446333417914,0.0,0.4363479096588178,0.0,0.4665549775152103,0.8203447015024599,0.1864553189651449,0.3640079720165948,0.0927829560585885,0.0590748779164405,0.0963762102351313,0.2709937080389469,0.3393931782264225,0.1357864731795802,0.0895573406255341,0.1204660972995401,0.0,0.3454462451495092,0.3416673481069588,0.2376086366105377
0.5001211592517203,0.4422189432706496,0.6350083210059172,0.4226543980832463,0.5791616381044331,0.3995564982645583,0.3858865455965631,0.4833634843939636,0.0735147693328908,0.2480594405594405,0.1957682619647355,0.5230537962985781,0.4272487714550244,0.6771942939014512,0.8387890457851945,0.5232534658507247,0.3391041424798744,0.6160414819383939,0.4019235566395964,0.4599417334304441,0.3850620177022852,0.0,0.5697837578087459,0.0869616426524282,0.4577197777973724,0.8702965031245846,0.2401848572539195,0.4058000488082648,0.1101198402130492,0.1885851871947911,0.2757676348547717,0.2778480790185947,0.4792510492218489,0.0,0.3230501908505669,0.2539677051277618,0.0,0.4315605265160161,0.5354689672090931,0.3283032319391635
0.4680139575457982,0.255360562584372,0.5534855769230769,0.466941095506334,0.7459328988655564,0.2958735055919783,0.359622144112478,0.5357118321921729,0.1082973780285429,0.2851223776223777,0.6122586062132661,0.4615934350279701,0.453552690928946,0.5349155921011648,0.7725288831835684,0.5549487695022697,0.3882984830894454,0.666727707313312,0.3251891682141965,0.4374194632752539,0.4572742063077451,0.0,0.571494473810668,0.3206391582584115,0.3775152102989155,0.8477845366307672,0.2882995724096229,0.4901163263645977,0.1577363515312916,0.3260478838849702,0.4424619640387274,0.4353931596892685,0.4159837566851915,0.0,0.8168973964564462,0.4087341378237267,0.4527904393457693,0.5824545385376245,0.6436748712077848,0.5273458718087995
0.4408500533100707,0.6086396885693652,0.37134800295858,0.2050824560956338,0.4272105559578405,0.3247011183956807,0.2174868189806678,0.3077011152075842,0.1407899103883172,0.3775524475524476,0.0764399664147775,0.4616673648931714,0.3866058922678821,0.5641936086712764,0.8833975181857081,0.4990561647804595,0.2557952617276706,0.6227206137476387,0.1966933673327974,0.4348142753095416,0.3715240980939445,0.0,0.3653820278712158,0.0893565231047073,0.6559386297504629,0.6569355803749503,0.2198851120805079,0.4470226958431628,0.2001331557922769,0.1510784047748236,0.1173443983402489,0.548244226510598,0.4975143123279641,0.0916040424980565,0.2707371959209252,0.2064589744476332,0.0871796836097598,0.4319257399376093,0.2746953961893859,0.2110266159695817
0.3887758069206164,0.4192697705082722,0.864159578402367,0.3466342109958453,0.4880360447340896,0.4059390667180871,0.2066490919742238,0.2795117818131855,0.0,0.3484790209790209,0.1143240973971452,0.6638901895068877,0.6090022078199557,0.7794493241138727,0.7922764227642278,0.6435814815139995,0.3804779097508388,0.4507498361540538,0.4234319133013663,0.4132444394643961,0.2456229383405227,0.0,0.3793368572801538,0.241686624003769,0.4511947800017636,0.8446848823294775,0.0735109920960566,0.1721711543154641,0.4041011984021305,0.1435499186109604,0.2341908713692946,0.3790642904847271,0.7980156362837137,0.0,0.3789095881045975,0.1176999412191832,0.0,0.3751959217834588,0.2495298061983808,0.2575706137968495
0.7813560143452554,0.7658305340156342,0.4610068417159765,0.2316162414294089,0.3796282886797006,0.3290782876976474,0.1844610427650849,0.0682635279030891,0.0,0.3773951048951049,0.0,0.6895684960201088,0.656767086864658,0.6155235781473865,0.7177578091570385,0.6452233158028746,0.3395379100059961,0.4558001464975519,0.1775825272319077,0.5604795786878825,0.1402450856008478,0.0,0.2119365689572321,0.0,0.6340710695705846,0.572746310331073,0.0643761067680214,0.1536850239973969,0.1451398135818908,0.0924104720564297,0.0824619640387275,0.5643959365882808,0.606769443310622,0.0,0.2301743291745001,0.1030738909442965,0.1141839353430114,0.2103172791600091,0.1544893286450241,0.159492123845736
0.6941940486575553,0.5548300003139417,0.5379761464497042,0.3818214258404914,0.2055676241049159,0.1690705746239877,0.0,0.1175204378391994,0.0,0.1026923076923077,0.0645172124265323,0.8926291924394391,0.3525152529496949,0.5236092942129194,0.2875267436884896,0.3967795464323028,0.5373486597859229,0.2465014071475385,0.4153662795532027,0.6300072833211949,0.0970789736853889,0.0,0.1917731859682845,0.0,0.0862886870646327,0.8446017816779685,0.0,0.0735377857317172,0.2372836218375499,0.1860248236570808,0.0,0.0901964919680832,0.5476467079029168,0.3104647145201693,0.0515011678915285,0.0664223228795684,0.0,0.055025488853382,0.1329626298143756,0.0326079576317218
0.6108364834738778,0.5769943176466894,0.2817122781065089,0.2480309943160095,0.3478155925657736,0.2505399151561898,0.0780609256004686,0.2665277427923698,0.0,0.226923076923077,0.0566582703610411,0.5493481850218093,0.3638392327232151,0.1578832616956331,0.4098416773641418,0.5263527573158204,0.4554176288225763,0.4513473919580554,0.4616951689348374,0.8763516163370504,0.0681373792856396,0.0,0.173358962037482,0.0662321856228652,0.3360197513446786,0.5557854673580641,0.069062324536777,0.1632433092003579,0.0449267643142476,0.3219953879544221,0.0,0.3935814967134169,0.3905407809769014,0.0,0.1143251865777929,0.0583313163445247,0.0,0.265890588145781,0.1188568157658026,0.0542843563280825
0.4729330231656488,0.3595579694220321,0.7665726701183433,0.5029057171258889,0.563971357309518,0.5614731970690321,0.252489748096075,0.3871167189539489,0.1587454364420843,0.448881118881119,0.3474055415617128,0.5094260578131545,0.4796429504071409,0.7034199215099983,0.7438596491228067,0.5669508415498213,0.3937078192975518,0.5278248968734338,0.4592560769422655,0.4537789231889748,0.2243533292535486,0.0,0.2620086496876502,0.1318362058811982,0.4815977427034653,0.913093338651775,0.0725176003109748,0.3666924265842349,0.0,0.204846039066739,0.2861410788381742,0.3439663960068895,0.4700513883219777,0.072514468342403,0.3534865834900017,0.1161094014729781,0.0,0.2824773643764742,0.2786613786899992,0.2050685768604019
0.6403024134922943,0.3876871880199668,0.7900101701183433,0.5347539061504346,0.3897336873441145,0.3752988816043192,0.2407000585823081,0.3334401978520231,0.1354463989379356,0.3629895104895104,0.1370612930310663,0.5463909904137608,0.5996961280060775,0.7458107518843828,0.7976037655113393,0.6058456324573958,0.2113213324317772,0.4213539457959057,0.3184539482801629,0.4483164322931259,0.3384181381255877,0.0,0.3111004324843825,0.0585764202426288,0.4608235605325809,0.7264077250365644,0.0614391223599533,0.2589075083380786,0.1390146471371504,0.3487350786760717,0.0412724757952973,0.3018559527575662,0.5349513851821617,0.0,0.2446163049051444,0.2169703675529891,0.0,0.2886707753176596,0.2323779540436667,0.2372351982618142
0.6659154793059998,0.5813267196182461,0.3155279215976332,0.1850992786684678,0.2337114812132914,0.2510605476282299,0.0,0.0,0.0,0.2389335664335665,0.0,0.8585228812932798,0.5226360895472781,0.2545007163770014,0.4482670089858795,0.7414067095709281,0.1626500644272355,0.3105073441535911,0.024030599517725,0.443526247969074,0.276131767094049,0.0,0.0,0.0,0.2998853716603474,0.6916633426406064,0.0,0.0,0.0,0.1529096581660336,0.0,0.3798727547541214,0.6886349126607847,0.1947395698367452,0.2068592263430752,0.0,0.0,0.2815186791447919,0.0,0.0
0.4959775128428805,0.7527077512322227,0.3837832840236685,0.1651033568679428,0.3399468983828143,0.112842267643656,0.3162224174965827,0.3483248986695367,0.0904082309990043,0.3077797202797203,0.2347607052896725,0.5283521033046651,0.4476651710466965,0.581199775742852,0.7940308087291399,0.5128142093294819,0.1939323577816618,0.5702417209607156,0.3252030266914271,0.4580088520365288,0.3254324820514351,0.0,0.3117731859682845,0.0,0.5864209505334627,0.784004786597527,0.1082797045739212,0.3670178150166761,0.2324367509986684,0.1980297069994574,0.0753526970954356,0.3712960033744596,0.58375459198091,0.0,0.2310146413718453,0.0,0.0,0.2611580308909685,0.1784283261100662,0.2199042639869636
0.6136958418144811,0.2692682007974127,0.6683616863905324,0.4967884179134912,0.6750985598197763,0.5471654454300039,0.3505418863503222,0.5094460601341912,0.0590441420511118,0.324493006993007,0.281376994122586,0.6511003228270781,0.4663960306720793,0.6916464212296765,0.6645057766367137,0.7839890427315908,0.4057512470816376,0.5644878368479895,0.4131073477646276,0.4053728500196092,0.2245473677925877,0.0,0.4352907256126863,0.2389776608692238,0.3452252887752404,0.8864263395825023,0.2783440590852157,0.3557512405433987,0.0,0.1420577862181226,0.260027662517289,0.4243031389504025,0.5701591886715438,0.15716506867064,0.4046886572095938,0.0,0.0681426437353966,0.3562809099901088,0.2789066971951918,0.324042639869636
0.6755355238926044,0.5554264904404609,0.4846523668639053,0.3578365151785487,0.7207498592002574,0.346683378326263,0.3581819957039641,0.3757356477134809,0.0,0.4592132867132867,0.4266666666666666,0.4219916705685206,0.6296797474064046,0.5215847505139228,0.8863500213949504,0.6775244299674268,0.3967569498488192,0.6361174293534833,0.2420798802627567,0.4613983976693374,0.4732152185918772,0.0,0.4942239308024989,0.3403871069058929,0.3782911559827177,0.7483961574258744,0.1872327560143394,0.4110876108354347,0.2775233022636485,0.259020618556701,0.1539695712309819,0.5099652008857957,0.6038284823176029,0.034659238144597,0.3780550333276363,0.0,0.0614777645842111,0.4449821197595678,0.3463488429143838,0.3047766159695818
0.8163225743917808,0.3099865004866102,0.695266272189349,0.7260979277648919,0.289210716871832,0.8160431932124952,0.2613259129076352,0.5024388009801003,0.2098904746100232,0.1278321678321679,0.1177497900923593,0.5459474112225534,0.6451107470977853,0.7757739986295396,0.5888960205391527,0.1234712064409071,0.1015143589809015,0.52327576236555,0.1503090440422406,0.5108969690178728,0.2682657432422347,0.0,0.0,0.3408189705940089,0.1317873203421214,0.4089632362717724,0.3344490994687513,0.3655128935166354,0.0933688415446072,0.2625983450895279,0.2401383125864453,0.1111462617315195,0.3116372047264696,0.0,0.4013558935794451,0.2186646381522077,0.1342934845060711,0.3811915087879479,0.4485444435358574,0.4967409016838675
0.2972036444702914,0.4173547232599754,0.6508644600591715,0.2904442688553004,0.4765628771421674,0.4506170458927883,0.1938342120679554,0.2984726007007258,0.0,0.3453146853146853,0.2667002518891688,0.5115207373271887,0.3906891721862164,0.7324799102971404,0.9199186991869914,0.5309621851321809,0.3418343263207583,0.5087031111453795,0.3667507414285318,0.3956244047285571,0.3774497365553681,0.0,0.4162614127823162,0.0,0.5275548893395644,0.693657758276825,0.171489655768151,0.324127552265517,0.1201065246338215,0.1346479924036896,0.0672475795297372,0.4005413195542901,0.5107329377165165,0.0,0.0346237110465447,0.0840565678918433,0.0,0.3549570113368333,0.1623395208111865,0.0765548614883215
0.6079528932829312,0.70137820613443,0.1372965976331361,0.4108913414727398,0.5457719848740847,0.2514462013112226,0.3713141964460066,0.4222217133435618,0.1210753401924991,0.1045279720279721,0.0651217464315701,0.7323492446832106,0.2997887140042254,0.1889055005294961,0.2705605477107404,0.2116210260147326,0.7793526657566054,0.6215255021396353,0.4580088139915186,0.6660036976861452,0.4067047778258728,0.0,0.2631042767900048,0.1432217031133446,0.1955206771889605,0.4773301422683154,0.2386299831555305,0.4285569023021231,0.0,0.4455032555615844,0.2483540802213001,0.3436148898028051,0.4196364093064146,0.4550617603869742,0.1431521677206176,0.2267556446872514,0.2511969969739916,0.4048695122879099,0.3109820917491209,0.395522134709397
0.7779393234467382,0.571908454462688,0.526511649408284,0.3356103280401702,0.3887842947944324,0.2228885460856151,0.3759519625073228,0.262634821040097,0.0,0.3216958041958042,0.1443157010915197,0.7720002957194608,0.3024238539515229,0.4895658132436304,0.6557980316645269,0.6548372652484262,0.3243050151180741,0.4758857319094799,0.2457662352060754,0.1836517451958093,0.1874412287117333,0.0,0.380893801057184,0.1687016607121825,0.4897804426417423,0.8515489961441298,0.164211981168747,0.2951883185552753,0.2025033288948069,0.1944689365165491,0.0,0.2207107455446589,0.5564695908819743,0.0,0.3692246339657039,0.0798036029182946,0.0,0.281351289659895,0.2567258156840297,0.1026106735469853
0.6348987108655613,0.6648353373308633,0.254692122781065,0.204865801748528,0.7272507844557083,0.4646355572695719,0.2218072642062097,0.4261146350958345,0.2205111184865582,0.3754895104895106,0.5398824517212426,0.6437566228837578,0.4276998314460032,0.3301252102410763,0.8465768078733418,0.5488292053346445,0.1900029343097356,0.7114576506418906,0.1605227417611352,0.3481147403215869,0.431989492066809,0.0,0.5772993753003365,0.3567586667190138,0.525227052288158,0.710228028187741,0.347147237938928,0.5095786219799886,0.4280958721704394,0.1540796256104178,0.183789764868603,0.4403845477872685,0.6495232712696369,0.0,0.4201276135133596,0.3142007537775318,0.0,0.6115194400060869,0.5411726224548206,0.460517381857686
0.8878792284578849,0.765014284368819,0.348696375739645,0.422399510616063,0.2778180062756456,0.2221172387196297,0.0893136106229252,0.1505644736540795,0.0,0.3293706293706295,0.0,0.744079449961803,0.3716022125679556,0.4574222886687842,0.5299101412066749,0.6048008288190206,0.3311815061939451,0.2494409961833532,0.2097341944067186,0.3422880833660153,0.0981387226293714,0.0,0.0,0.1436535668014605,0.4873291596860946,0.889077250365643,0.0,0.074412267143903,0.1750998668442077,0.4093360010851872,0.1012171507607192,0.0,0.6058065664018755,0.0,0.0,0.0,0.0,0.0,0.134414097636765,0.1527532590983161
0.7284578850441021,0.6263146328446298,0.3217224482248519,0.4766395636326562,0.0824201464317322,0.2240647898187426,0.0,0.0,0.0924991702621971,0.1198776223776223,0.0,0.8296902338648068,0.4035325119293496,0.3124338129944561,0.2612109542148055,0.144577995908584,0.7455315565875256,0.2054049886271637,0.422572687713074,0.6495041739033001,0.0764511843813902,0.0,0.2011725132148006,0.0,0.2562913323340093,0.5812391969153039,0.0,0.0,0.1364047936085219,0.2792152740097667,0.0,0.2715385426552779,0.5512574963107162,0.3555973050012957,0.0,0.0,0.0,0.077942631058358,0.0,0.0
0.3728797130948917,0.6257809311524816,0.5956915680473374,0.1835189763719318,0.2891302598760962,0.2121288083301196,0.0613649677797305,0.0575694428541986,0.0,0.2722552447552449,0.0,0.5595505064195766,0.4377655912446883,0.7695446334018561,0.8675010697475392,0.5469590946205782,0.3804906676192542,0.4262693241836616,0.4034479891349538,0.4097708555101134,0.2149349970894219,0.3042110358180058,0.1854493032196059,0.0,0.5334450224847899,0.8181757744980722,0.1763702327992052,0.2484747417229317,0.7525965379494008,0.0789134563212154,0.0,0.709550423564976,0.8471014265230724,0.0,0.1374124081353614,0.0869264548252135,0.0,0.2191280529559461,0.1669596859923133,0.0789991852254209
0.4203256760686247,0.5343923649263802,0.5320821005917158,0.3470165421966202,0.6323437122857832,0.3726764365599693,0.1349101737941808,0.4202065538482676,0.0,0.2254545454545455,0.1856255247691015,0.5591562138051701,0.3586401728271964,0.4319130380614213,0.7861574668378264,0.4851049632562754,0.1927458760190347,0.6463240680057059,0.3008121067657086,0.4642837133732991,0.373598817857516,0.0,0.4311965401249399,0.3735228298849672,0.410316550568733,0.7005468022869301,0.240962294303114,0.4092573009029528,0.6158988015978696,0.3412235485621269,0.1528907330567081,0.22204646912018,0.7769160727181387,0.065366675304483,0.1799407508687973,0.1046644306905017,0.2117056728080591,0.5574830708361865,0.458602502248753,0.2949144486692015
0.2728748667248228,0.5295262612626757,0.5118343195266273,0.5794229347742972,0.4357550889049802,0.5502506748939453,0.0,0.2869541322219423,0.0,0.3092657342657343,0.1005541561712846,0.6014440967002638,0.4283408114331837,0.3579393259826822,0.3955070603337609,0.2824920761740871,0.3645943635737341,0.4874513281159644,0.599919620832063,0.6224158216146565,0.1870382255921907,0.0,0.212647765497357,0.2147932943347336,0.2686888281456662,0.5319937508310065,0.0646568479246749,0.1112625071178719,0.145699067909454,0.1598785946825827,0.0,0.0961545221273155,0.496677028059489,0.0,0.1575656582920298,0.3260260710210573,0.0,0.2466407973826371,0.1927590154550658,0.0508215643671917
0.5756033730735677,0.3701378206134427,0.7202061760355032,0.5779573318379936,0.0343712285783248,0.5222329348245276,0.0,0.0,0.0,0.3732517482517483,0.0717380352644836,0.8295916607112052,0.61427248771455,0.700865881766648,0.2700042789901586,0.0625389606398763,0.5669596723779391,0.0886310189290257,0.4791845671997561,0.7229816796459181,0.0,0.0,0.0,0.0,0.2937836169649944,0.6034769312591411,0.0,0.0,0.389427430093209,0.1643041237113402,0.0,0.3535449400681922,0.7249416517525406,0.2971840718666321,0.2082692417250612,0.0,0.0,0.0325039945217986,0.0,0.0678299837045084
0.5928806823689055,0.6382758295921889,0.8083394970414199,0.4358448245099789,0.1574382492557728,0.3928654068646355,0.0,0.164807987359454,0.0,0.3804545454545456,0.0,0.9371842578673698,0.7488070650238585,0.836915218339251,0.3841891313649976,0.741055515070634,0.393937460929028,0.3000597555804001,0.3909892181047146,0.6031430332231507,0.0,0.0,0.0,0.0,0.5983422978573317,0.4807954394362452,0.0,0.0,0.0,0.1658979924036896,0.0,0.4019824949910366,0.3751661485970255,0.8738230975209468,0.3389449097020452,0.2488503163791016,0.0,0.1488853382028456,0.0,0.2641397338403042
0.7639817776485409,0.3611904687156624,0.7612333579881654,0.5185175744908623,0.6679539785984391,0.4847088314693406,0.5628539347783635,0.5280404863862236,0.3739130434782609,0.3647377622377623,0.3324937027707809,0.644988787303778,0.4495643710087125,0.7469008907992274,0.8425545571245188,0.6886046164517065,0.2228927190844953,0.6353753035969005,0.2703095983813298,0.4376715782396774,0.4504828574413779,0.0,0.7242671792407497,0.3886773193043069,0.4897980777709195,0.7446400079776627,0.3782231244331188,0.4036850239973969,0.0,0.2821995387954422,0.549100968188105,0.1474744279236528,0.6089463824086575,0.0,0.1604569019540819,0.1658656339683966,0.1837438234956142,0.5602982576276345,0.6022569302477717,0.4439672732210755
0.7727052437724145,0.6198160298872946,0.3526488535502958,0.2131878775520607,0.646150132754043,0.4624180485923641,0.2478031634446397,0.4255650461425725,0.2622967142383007,0.506923076923077,0.4902770780856423,0.7034180241011362,0.3049165539016687,0.4734006104777926,0.55795892169448,0.5734128203552332,0.3042241302323208,0.7220305331739851,0.2304803348208098,0.3985377332063429,0.3844052718778453,0.0,0.3786641037962518,0.1450276785363747,0.3659818358169474,0.5911863449009441,0.1432211808404958,0.5762222402993574,0.0,0.0887988334237656,0.1834578146611341,0.3814545326725017,0.4229646142736035,0.3466355705277706,0.328177519512334,0.0679437087237647,0.0752671697245949,0.4793730502929316,0.265352849783302,0.260439299293862
0.7230299505670255,0.5430885630866791,0.7122549926035502,0.5670863813626285,0.7567302276932979,0.5768607790204396,0.5325619996094513,0.6495912432160112,0.2124792565549286,0.35736013986014,0.5687321578505458,0.7083220384928165,0.3452745530945087,0.7250358188500594,0.4566966195977748,0.4106078298813841,0.687598076113443,0.7483615405374147,0.4615427256853017,0.5682951425850193,0.52099347731988,0.0,0.5488515136953388,0.4491774959758156,0.2588307909355437,0.5196449940167531,0.3565844598972055,0.6567355405515334,0.0341944074567243,0.287133749321758,0.4323928077455047,0.2010791240465394,0.4487006394758601,0.5958797615962684,0.7127129265652595,0.3282044189343384,0.0,0.5616678079586092,0.5558917327663749,0.3438518468223791
0.8094407288940579,0.5848114777258031,0.390786797337278,0.3832487956567176,0.389991149730469,0.2248553798688777,0.1573179066588557,0.2704206645446426,0.0,0.327937062937063,0.0638455079764903,0.5408708938120702,0.3745222325095554,0.5509250607363105,0.7477963200684634,0.5798660192981379,0.4232805582843219,0.5100717066964802,0.2276532054657833,0.3043027620594998,0.2631311849784318,0.0,0.2269870254685247,0.1405520003140827,0.5159157040825325,0.7539223507512298,0.0773117954476741,0.2012527454648987,0.0506258322237017,0.376526044492675,0.0,0.5329361313227179,0.5078129088302092,0.0,0.2032985814390702,0.1757546419556723,0.07281571992186,0.268264475386137,0.1571878322021424,0.1847501357957631
0.8042793447707663,0.6706432675101244,0.5784023668639053,0.339051308847144,0.2648161557647437,0.5553798688777478,0.1502636203866432,0.4735853809338431,0.2043146365748423,0.3518356643356644,0.0,0.8501934498139433,0.4759157704816845,0.5251666355198408,0.1788617886178864,0.4899163279103049,0.5779186813467205,0.4465669455260418,0.3936916211646664,0.3441929519861055,0.2456378643819872,0.0,0.1183277270543008,0.0,0.21059871263557,0.2108097327483047,0.225845462790999,0.125193199381762,0.0,0.2334339392295171,0.0,0.0,0.396014526882058,0.547119288243932,0.0876773201162194,0.0,0.0,0.250429886631667,0.1258483931637909,0.1044948397609994
0.6396481535330039,0.30599943490409,0.6156388683431953,0.6202176738969746,0.315954622254405,0.4561511762437331,0.1220708845928529,0.2348576793606448,0.0,0.2379195804195804,0.0912174643157011,0.6148500455900835,0.5312537093749254,0.6132498598392826,0.6155327342747112,0.1023205176606934,0.4599466721100239,0.3670631096033001,0.5122231769173204,0.71446579640316,0.129975969073242,0.0,0.1340317155213839,0.1066310706293431,0.294259765452782,0.7082585427469752,0.1079989634172677,0.0,0.1856990679094541,0.3195876288659794,0.075131396957123,0.0878941263313297,0.6327147895799973,0.0586507730845642,0.3100324730815245,0.0,0.0,0.2310279236095259,0.1780194619347452,0.0
0.7642483280023264,0.7963457131196434,0.3172152366863905,0.4706242194071318,0.4378308793949633,0.3510412649440801,0.1962019136887326,0.2480249146992145,0.359475605708596,0.3642657342657343,0.1535516372795969,0.7482441657014712,0.3898345322033092,0.5056998691833301,0.2496362858365426,0.5268180900287102,0.3085362897567075,0.5181869000346968,0.3787521827101637,0.6004818197097883,0.297595414720062,0.0,0.2081883709754925,0.1794982529150799,0.7705669694030507,0.7388645126977798,0.1735844167062583,0.1634670137476612,0.1217576564580559,0.314026044492675,0.1264730290456431,0.2314668353896446,0.357813432132877,0.8062969681264577,0.2839685523842078,0.2779295321738529,0.0,0.1648177737198508,0.3464510589582141,0.1838504888647474
0.5618396820781233,0.3763852698332965,0.6962832840236688,0.5268651390411134,0.0463110467455145,0.813054377169302,0.0702499511814098,0.0,0.0,0.5279720279720281,0.0,0.6091081593927895,0.6357097072858058,0.5492119852986979,0.7032092426187422,0.5708666602281008,0.1989334422004771,0.1679228189213154,0.3847667618282102,0.7280800044820435,0.0787497947669298,0.0,0.0,0.0,0.3178379331628606,0.4164755351681958,0.0621517729883816,0.0,0.0766444740346205,0.4586272381985892,0.0,0.1886006538015396,0.6354045652924739,0.0,0.0,0.0,0.0,0.0802860838469147,0.1078583694496688,0.0
0.530725986236309,0.5021818980943706,0.551359097633136,0.2705757907883669,0.7121409606565291,0.3368106440416505,0.5182337434094904,0.5986168678009571,0.2036176568204447,0.2100874125874126,0.5512678421494542,0.6404051356613026,0.5071338698573225,0.5069145954027285,0.8575310226786477,0.5117167265160627,0.3718280749652348,0.6824954701414858,0.2594999861415227,0.4394363829906433,0.424571249458931,0.0,0.8193368572801538,0.4092889953280201,0.5588925138876643,0.7986055710676774,0.4942556040253962,0.6598674042137802,0.0625033288948069,0.1548426478567553,0.5707607192254495,0.5237090934654997,0.5967534302489874,0.0,0.5934170797014756,0.3604647142214999,0.0898992607346688,0.5804915163965609,0.6521179164281626,0.4574789516567083
0.1697441116603664,0.7585470756286692,0.5843426405325443,0.549104070552851,0.443993885268324,0.2996143463170073,0.3234231595391525,0.185371774027342,0.0,0.2293006993006994,0.0,0.9130091919465732,0.3605868527882627,0.4170871488195349,0.3287976037655111,0.0710729869970236,0.6653866272023272,0.5140136474035237,0.8438288200892485,0.677993164883187,0.3864650655999522,0.0,0.1127727054300817,0.1267716226296572,0.5275196190812098,0.5096396755750565,0.0,0.3682990319694134,0.0,0.394397721106891,0.3665283540802212,0.4211747337340504,0.1662323254523951,0.0,0.2426935566569817,0.549185712803845,0.1236833033286091,0.4115803089096857,0.2708725161501349,0.2696055133079847
0.5698119608413297,0.4419677895331682,0.8791142751479291,0.4638442127800576,0.248016735055113,0.2703817971461628,0.09734426869752,0.2215301472440403,0.0,0.0,0.0,0.6141107469380714,0.5367139092657218,0.8303120911979067,0.7204963628583658,0.3227477457703012,0.3268948624063891,0.3942326226916997,0.528784057207794,0.3618129867219455,0.3524933952266519,0.0,0.1366458433445459,0.0,0.7575875143285425,0.6430827017683819,0.0861227486718783,0.0811030667859757,0.0,0.0,0.0,0.4711940665752751,0.3990706144619925,0.0,0.2408562638865151,0.1378928806057881,0.0,0.1081792589210986,0.1453307711178346,0.201147474198805
0.5830667829795484,0.5222114086585248,0.2932923446745563,0.4287462085489257,0.1584198246037493,0.1799845738526801,0.1402802187072837,0.1316036547665391,0.0,0.1483216783216783,0.1060621326616289,0.8406811404913871,0.2172447356551052,0.2777051018501213,0.1955498502353445,0.469257311430503,0.6867177831927842,0.2684664019430202,0.6561018875245987,0.6450501428651467,0.0471364389450273,0.0,0.2767323402210476,0.0,0.5855744643329511,0.5074458183752162,0.0,0.0642235418530871,0.0841011984021305,0.1346479924036896,0.0,0.3474111568069176,0.5165729954891309,0.4068843396389393,0.1856377827152053,0.109194011272086,0.0,0.1208399908696644,0.0645596532831793,0.0
0.6321605117766795,0.4267101999811631,0.1150147928994083,0.3243188132439528,0.3160189878509936,0.6231392209795603,0.3790519429798867,0.223499507659896,0.0,0.8625699300699303,0.0,0.0,0.0,0.2452501090138916,0.2100342319212664,0.4938760459011212,0.3656915402574538,0.4013454643586876,0.593336844147565,0.1986385791921119,0.3408212308013791,0.0,0.1093704949543488,0.0,0.9934750022043912,0.982307871293711,0.1228782447199066,0.1984869437891482,0.1515312916111851,0.7695842376559957,0.4904564315352696,0.0,0.5520633824191236,0.0,0.6816925881615679,0.1967428512153798,0.0,0.2698014152020087,0.4359514269359718,0.4514530146659424
0.6200203547542888,0.3918312246884121,0.8194572855029587,0.3769020977238549,0.3474133075870946,0.3531237948322405,0.1004442491700839,0.2273924294121688,0.0731496846996349,0.2524300699300701,0.1382031905961377,0.7855294610512827,0.5406547491869047,0.7874540584314458,0.566837826272999,0.1153234940340834,0.6447188803694679,0.4000636107791357,0.3822445189722553,0.6635945991372063,0.165365613385674,0.0,0.2870543008169149,0.0865297789643123,0.279269905652059,0.5159885653503524,0.1253185332354338,0.1487431871796957,0.1095872170439414,0.0983959576776994,0.0,0.1019895251151183,0.498079479209185,0.0,0.3721158776277559,0.0762076000138307,0.0,0.3441984326257323,0.3052988797121596,0.1473553775122216
0.6614325869923428,0.4254858255109406,0.4530094304733727,0.1526775928427599,0.6378791535924049,0.3268222136521403,0.4313366529974614,0.5361469234468387,0.1506803849983405,0.1048076923076923,0.4747607052896725,0.6442494886517657,0.4711202905775939,0.6743910795489936,0.6919554985023533,0.7591508116982888,0.2326142148169883,0.6725297814102316,0.0474652845145375,0.2013558182531234,0.4383181336477752,0.0,0.6077847188851514,0.5549840995642102,0.5150515827528436,0.7559583167132031,0.3457867231028376,0.5161270641828682,0.0,0.1079422137818773,0.1255878284923928,0.2484445850469261,0.3245627806210556,0.1374708473697849,0.361462428074973,0.2761661076726254,0.0,0.4765882979532831,0.5457314580096492,0.3587893807713199
0.7660899486284771,0.4604903776724325,0.3763406065088757,0.2399510616063008,0.4238635449352321,0.262148091014269,0.1437219293106815,0.0512949689711236,0.0,0.3765209790209791,0.140352644836272,0.4557036891002736,0.3703202525935949,0.5574658942253783,0.7991655969191269,0.5982949507010721,0.3215365576719441,0.5391495431589499,0.1573907259070373,0.4251498683399637,0.2377121363643148,0.0,0.2902258529553099,0.0879431510345098,0.5952914205096552,0.7220033905065817,0.2653867749319742,0.2892296428861953,0.1112916111850865,0.1491623711340206,0.1628769017980636,0.3829308587296566,0.4333050749892723,0.0,0.1892553979376744,0.0,0.0,0.361941718024804,0.2293114727287594,0.1258826724606192
0.5564602113017352,0.5681097541832791,0.3109744822485207,0.3889710192949813,0.2000804569957357,0.4346895487851909,0.1322739699277485,0.3246467745998305,0.1798539661466976,0.5005944055944056,0.0685474391267842,0.5772936740678677,0.3623673527526527,0.3270728212795113,0.8836970474967907,0.6822128765463533,0.3086638684408608,0.5015228035005204,0.1911084010088971,0.5622723962126734,0.18559039957013,0.0,0.1316866890917828,0.1503278237996152,0.5385768450753902,0.6950870894827815,0.0440763615946097,0.1658260798828601,0.6989347536617843,0.1382596310363537,0.3439557399723374,0.4417905726036065,0.7905952044543523,0.0440744579770234,0.0290691049962969,0.0,0.1466656452292488,0.2607319485657765,0.388666285060103,0.0919846550787615
0.5642144034118446,0.4039493925218975,0.8893537352071006,0.3589962531542324,0.4146592646230589,0.2827612803702275,0.4707820738137083,0.5384368774187639,0.2391304347826087,0.3401398601398602,0.2419815281276238,0.7429212154069839,0.6797474064050517,0.7834672646857284,0.4399871630295253,0.4150153208600753,0.3899570059834402,0.4545472069085162,0.6276088583386459,0.5640091881898144,0.4068241861575891,0.0,0.2030562229697261,0.0,0.6055374305616789,0.8687259008110624,0.228134582991405,0.1465264784836899,0.1379227696404793,0.0878153825284861,0.0780359612724757,0.185665576997434,0.6301087422943682,0.1118381273214131,0.0737623198313678,0.2491269319871374,0.1080553108361742,0.3578026325800806,0.3392754926813312,0.3658677349266703
0.7318261122419307,0.5171569396917088,0.94089774408284,0.3141360589299825,0.1425215222463593,0.4335518704203625,0.1577328646748682,0.0,0.0,0.3023076923076924,0.0,0.898839301116341,0.9805332003893356,0.979879150314583,0.3900941377834832,0.1602237108966873,0.5677761759565212,0.1467481398666101,0.5748357770448183,0.3808336601490278,0.05358448885771,0.0,0.0,0.0,0.5776033859448021,0.5875465363648451,0.0,0.0,0.0956058588548601,0.0608722192078133,0.0,0.5848887482864074,0.5750363695354118,0.4179839336615704,0.0511308608215119,0.0,0.0,0.1660199345659286,0.0,0.0609383487235198
0.4439517301541147,0.7734593287916365,0.4080991124260356,0.2175719419876125,0.5039987126880682,0.2276899344388741,0.0987355985159148,0.224140694772035,0.071822104215068,0.2813111888111888,0.0,0.6328396461223785,0.3061272938774542,0.503052388961565,0.5651048352588788,0.4775806210874738,0.3768036436472194,0.5757642931493119,0.5256381828764656,0.3583113899938368,0.2652357568249324,0.0,0.4488034598750601,0.1588080562208001,0.4387091085442202,0.93713435713336,0.211376495486546,0.1990563735459204,0.3190945406125166,0.2198351871947911,0.0598616874135546,0.4261309712116419,0.4624739656922771,0.0,0.2716344784367345,0.0,0.0,0.3689568591645742,0.1748303213672418,0.2200740086909288
0.5336822719782881,0.3945311273663385,0.5063332100591715,0.6189304921876991,0.2312816799420709,0.3389317392981101,0.0681507518062878,0.0639355148961505,0.0,0.0984440559440559,0.0937699412258606,0.765371251139752,0.4579683308406332,0.585871799663614,0.31260162601626,0.1752548355092759,0.4006736154523303,0.283096881144223,0.3806092186590537,0.4539469998319232,0.0765705927131065,0.0,0.0986064392119173,0.0,0.372718455162684,0.8110955989894961,0.154234872370751,0.056780281460994,0.1366178428761651,0.2956456863809007,0.1975656984785615,0.2317831909733207,0.4747820444388625,0.3559860067374968,0.1017205036176152,0.177379758652882,0.0,0.1355398310887925,0.1460053970071142,0.2019452743074416
0.5683095861199963,0.6413210686591531,0.23462925295858,0.2955802513190427,0.5216831603507924,0.2010605476282299,0.313659441515329,0.3349286679337744,0.0709259873879853,0.267027972027972,0.0,0.724266246087878,0.3942264321154711,0.4845200274092072,0.4755027813436023,0.6226151698464403,0.301647040812421,0.5861058637572767,0.180936278721694,0.27222813603003,0.416138036031464,0.0,0.2967419509851033,0.0,0.4019927695970374,0.8545738598590613,0.0863387034077657,0.3585780525502318,0.0569107856191744,0.2479991861096039,0.1561549100968187,0.2570564870469964,0.2952473651710676,0.0,0.2945223038796787,0.1951868884201791,0.0818554410694449,0.3529331202921708,0.1456374192493253,0.1837146931015752
0.8007414946205289,0.8090603710796471,0.2272559171597634,0.33652792292203,0.2271300989621047,0.1249710759737756,0.0423257176332747,0.0751562893585838,0.0575506140059741,0.2286188811188811,0.0,0.7851598117252766,0.6015003679699926,0.3895533545131746,0.5044501497646552,0.6780248821303458,0.2618042177512981,0.3951482323913798,0.0657584744588264,0.4804750966440707,0.1647685717270922,0.0,0.0899375300336376,0.0,0.4771713252799575,0.5598490892168595,0.0374465512028678,0.1448791995444562,0.2185619174434088,0.2508138903960933,0.0,0.3925797040317761,0.4554093796770176,0.1772263971667962,0.0847860764541673,0.0,0.0,0.1402115194400061,0.035448524000327,0.079423546985334
0.7841426771348257,0.4943333437980723,0.8309680103550294,0.7505034027476869,0.4045377745594978,0.6462784419591208,0.2563464167154852,0.3297762714969429,0.0929306339196813,0.332395104895105,0.0,0.6604401291308312,0.6943712461125751,0.8272285554102035,0.4936029097133074,0.0922061160522226,0.5049309161425308,0.4255753884112725,0.592172732060201,0.6836797579696343,0.2740421212890129,0.0,0.317462758289284,0.2019551646971065,0.391711489286659,0.2904450870894828,0.0,0.2135768323436102,0.0,0.2021500271296798,0.1980359612724757,0.184575907764772,0.3152584591876249,0.5543534594454522,0.1019626274710875,0.0,0.1072509288696518,0.1814197671764437,0.2437239349088232,0.3116512764801738
0.6415140060094986,0.4262706809405703,0.3256980399408284,0.3588942981673591,0.6757583071848096,0.3922869263401465,0.6023725834797892,0.6704298243605303,0.4033521407235313,0.423916083916084,0.4081612090680101,0.5004559008354076,0.2945659141086816,0.3930417990406774,0.804428754813864,0.3101837625222789,0.0,0.7778248968734338,0.0457329748607222,0.3046109025715724,0.6154603937489739,0.0,0.7008169149447382,0.3765458757017785,0.2860947006436821,0.5653503523467625,0.4746253185332354,0.7232164646546815,0.0,0.1376322571893651,0.265311203319502,0.0812330837639284,0.3137304153976576,0.0998099680400794,0.4169800034182191,0.4202136855572075,0.0,0.7886022978011108,0.6057527189467659,0.4645233568712656
0.5583018319278858,0.4222522211408654,0.5552422337278105,0.4127265312364591,0.6694022045216831,0.3317392981102969,0.4097588361648115,0.2452082713137465,0.0,0.3551048951048952,0.5048194794290513,0.532492175755933,0.4900648101987037,0.5332648103158286,0.8989516474112111,0.5381002133506589,0.5256241787122209,0.6808473726820619,0.3294437207239669,0.384559359067735,0.3318208277982596,0.0,0.6806343104276791,0.3116878018138275,0.3731240631337623,0.8309234144395692,0.3246015635122878,0.4019360611730252,0.0,0.0764548290830168,0.2196127247579529,0.2641744876797076,0.4828618376296482,0.0973697849183726,0.6047684156554435,0.4505722485391238,0.0,0.4656014608536863,0.5522119551884864,0.4585143943508962
0.8619996122903943,0.8434370388974348,0.3738674186390531,0.5053781255575663,0.0418537291817523,0.2731970690320093,0.0,0.0,0.0863259210089611,0.2667307692307692,0.0,0.8304048892284187,0.2700187545996246,0.5329221952283061,0.2370346598202828,0.3754444805394348,0.5306762946046975,0.2296156366860711,0.4935419496105768,0.4935850747941064,0.0,0.0,0.0499951946179721,0.0,0.4428004585133586,0.2780215396888712,0.1037662505938755,0.0,0.1279627163781624,0.2825047476939772,0.0,0.2202010615487363,0.3548201408730781,0.8827632374535719,0.0956389221215746,0.0,0.0,0.0395800045651677,0.0982296181208602,0.0
0.6461665212755645,0.442407308573761,0.5120192307692308,0.3175260622435195,0.7879797248370745,0.282375626687235,0.6899775434485452,0.4703565458334287,0.5083969465648855,0.3593881118881119,0.295617128463476,0.5871509894280292,0.3450608930987819,0.5075998255777736,0.8664955070603333,0.5446938900936812,0.2605922202518403,0.712614210262539,0.2412345131516949,0.365762787831251,0.4874098840246578,0.0,0.8573762614127823,0.4068155942051745,0.4601710607530199,0.759955458050791,0.4736103312745648,0.7520743512568129,0.313422103861518,0.1195910200759631,0.673997233748271,0.2692186017083202,0.5912273540770511,0.109311566036106,0.6504158833247878,0.4069361363714948,0.1054123415176006,0.642379974130716,0.6544075558099599,0.4229189299293862
0.9448483086168462,0.6533764480582676,0.5721616124260354,0.3816175158667449,0.4429157615254646,0.3451600462784419,0.3418277680140598,0.3453937575854724,0.164487222037836,0.2874650349650351,0.166448362720403,0.7338278419872349,0.5510766089784678,0.547343175730393,0.5206461275139067,0.629024469476808,0.2956763583940395,0.4498149504606962,0.2019457302031653,0.450809569163539,0.2796543128796812,0.0,0.4833253243632869,0.0,0.4119742527114011,0.7703014891636752,0.1493111043925193,0.3271373952655983,0.0,0.1172341291372761,0.0744121715076071,0.2256318324018419,0.3997404418767726,0.0,0.1230274027231812,0.0930119982019985,0.0,0.3294377235030054,0.1765884373211219,0.1727661596958175
0.6604875448289231,0.812953254010611,0.5920395710059172,0.2924451354726888,0.4020275162925416,0.3157925183185499,0.1958845928529584,0.0563557672490782,0.0,0.4231818181818183,0.2148446683459278,0.6943739372581875,0.4714289105714218,0.6562947735625739,0.848267008985879,0.5316031150952176,0.1870048352321294,0.4755869540074791,0.2039690678788214,0.3021177657011602,0.1795602788184545,0.2977976766698935,0.2727727054300817,0.096619685132111,0.6112864826734855,0.4581255817045606,0.2335334513885889,0.3083258765150898,0.511930758988016,0.1608620455778621,0.0,0.4306126753137193,0.7074319444880529,0.0,0.0649888907878995,0.0,0.0942659056957904,0.2814730274670927,0.0932823615994766,0.1362201249321021
0.6541145681884264,0.3706087338712205,0.4462139423076923,0.5222389315117376,0.6415319011988092,0.421423062090243,0.1919058777582503,0.3815521308021708,0.0797212080982409,0.3487062937062939,0.1497900923593619,0.5268735060006408,0.4022980319540394,0.5143898336759483,0.8543003851091142,0.5598128133313433,0.4661725118967123,0.6192702108793708,0.248939826491865,0.3721777130371455,0.3379703568816514,0.0,0.5314368092263335,0.0943033253503985,0.2724627457896128,0.8013063422417233,0.2009026907960091,0.3705564142194745,0.1667376830892143,0.2681429734129137,0.066445366528354,0.262100601075609,0.5667263231707955,0.0,0.4667578191762092,0.0830538363127139,0.0,0.4148063608004261,0.4012797448687546,0.2684342748506246
0.3109673354657363,0.5872916208834331,0.6057692307692308,0.2994035633267912,0.2366240244589266,0.3760316236020053,0.1009812536613942,0.2095307884311525,0.0957517424493859,0.2444405594405596,0.0508816120906801,0.5532418245890732,0.4498729910025401,0.55762162835607,0.9075952075310224,0.478230330913018,0.1390224921220162,0.4523593816261228,0.2566589983092657,0.3111378788727661,0.2586981506634625,0.0,0.2713503123498318,0.0,0.3230932016577023,0.8149763994149715,0.0623029413035027,0.1860815098023265,0.2655925432756325,0.0701471785132935,0.0,0.2683749868185173,0.6394967921546464,0.0,0.1736597732581325,0.0997545036478683,0.0,0.2237693068553602,0.1502166980129201,0.1078727593699076
0.7549190656198506,0.4567230716102091,0.7450305103550294,0.4964698085795122,0.4810362861050767,0.4908792903972232,0.2047939855496973,0.4444800659506743,0.0701294390972452,0.3,0.0709655751469353,0.6814362108479756,0.4872872302542552,0.7379617516975019,0.5951861360718866,0.5714900304661229,0.3313218427465139,0.5399591348934036,0.3707696998253831,0.4895792481371508,0.2510410913921518,0.0,0.3232868813070639,0.3293942130265792,0.4071245921876377,0.7397869299295308,0.2075109057141623,0.3695802489221508,0.056271637816245,0.3484298697775366,0.1546334716459197,0.3706105662764947,0.5592326289679425,0.1524142696726267,0.5192417250612431,0.0730610974724248,0.0,0.350863577569809,0.2792542317442146,0.1198058120586637
0.5460162838034313,0.5494929833924589,0.4684726331360946,0.347946881451839,0.3907796282886797,0.322792132664867,0.2859304823276704,0.3834069935194302,0.1304347826086956,0.2220804195804195,0.235600335852225,0.6031937701766924,0.3198252736034945,0.536566373886501,0.7523962344886601,0.6544860707481321,0.2220889733743287,0.4909788349589422,0.3284459103633692,0.4651521093618695,0.202874755586071,0.0,0.4501681883709755,0.0,0.5653998765540958,0.7450305810397555,0.293525677018097,0.3101968600016269,0.1046604527296937,0.0,0.108713692946058,0.2942634187493409,0.5551404021057699,0.3293815323486223,0.2384635105110237,0.0,0.0,0.3424027999695656,0.2778640935481233,0.2307170016295491
0.9412619947659202,0.6470348161868582,0.3931444156804733,0.332997731501542,0.4527636978035239,0.2010219822599306,0.0,0.272183929103025,0.0,0.2251048951048953,0.0813434089000839,0.6739446511742527,0.5883009282339815,0.4632155983305299,0.6245400085579798,0.7551471943949357,0.4513095951928351,0.4882801958440957,0.2788464203553313,0.4529665527480535,0.1594101228413212,0.0,0.121230177799135,0.0,0.4429239044176,0.8542913176439304,0.0523042370319181,0.0913934759619295,0.1196804260985353,0.158776451437873,0.0669986168741355,0.4269570107912405,0.54745831894251,0.1361967694566813,0.3239332307867601,0.0,0.0927720534722488,0.3001445636460473,0.2429879793932455,0.0762832699619772
0.8242221576039546,0.6664678366244936,0.1732618343195267,0.4010654296128259,0.0737951564888567,0.2372155804087929,0.0,0.0,0.0,0.3149300699300701,0.0,0.8977796397151235,0.2953968140920635,0.2464025415810127,0.1592640136927685,0.447105718324451,0.6834772846152866,0.0423782720999267,0.5630976468305662,0.5485741498123149,0.0,0.0,0.0475540605478135,0.0,0.500026452693766,0.745537495013961,0.0,0.0503131863662246,0.2891877496671106,0.2238368149755833,0.0,0.1416745755562586,0.5209164076318461,0.3842100716938758,0.1148094342847376,0.0,0.0,0.0,0.0,0.0
0.7012212852573421,0.4780397450789562,0.3342501849112427,0.5167715953406572,0.2093973771019389,0.2263401465483996,0.139987307166569,0.0721564496553619,0.0,0.0410664335664335,0.0,0.794573547894231,0.4897087102058257,0.3922319815610788,0.2713735558408214,0.1809617461390555,0.6783358636439025,0.2783067967153707,0.5862274453283074,0.6453302706033961,0.0,0.0,0.1889091782796732,0.0,0.3560532580901155,0.2772736338252892,0.0,0.064081184413894,0.1527296937416777,0.3347293814432989,0.1586445366528354,0.1007944040212309,0.5075198593362429,0.5646756499956811,0.0448783683700791,0.0,0.0,0.2376930685536026,0.1172418022732848,0.097348587724063
0.6799214888048848,0.6111198317269961,0.3199195636094676,0.3965284326969643,0.045844396170247,0.1820285383725415,0.0,0.0652407886601479,0.0,0.0976573426573427,0.0,0.905911924887257,0.3623198727536025,0.4915592101164887,0.440094137783483,0.683696673310096,0.2905604531594861,0.2818535795520259,0.3073394495412843,0.2708274973387867,0.1351702315029031,0.0,0.0,0.0,0.3796314258001939,0.8583216992421223,0.0615255042543082,0.0,0.0,0.2658878187737384,0.0,0.2561952968469894,0.4861377123300574,0.0,0.1516407451717655,0.0,0.0,0.0795404397778285,0.0582427017744705,0.0
0.6393573713288747,0.577873355727875,0.6266410872781063,0.2951979201182678,0.7057044009976667,0.3297531816428847,0.4486916617848077,0.5456044333508896,0.1007301692665117,0.2949300699300701,0.6173635600335853,0.6534414352251164,0.4522944709541103,0.6288855665607676,0.8478177150192554,0.5930797123717043,0.3783601035938915,0.6683661667758973,0.2727486903739017,0.4415093282536837,0.4722151738137528,0.0,0.7805478135511774,0.5978171253582506,0.5556829203773918,0.7975335726632098,0.4353215566017362,0.6794313837143089,0.5368308921438083,0.0514616115029842,0.5576210235131396,0.4405603008893107,0.7861575978314337,0.0,0.6698997322395033,0.3296912278275302,0.116252346114069,0.6084912120520429,0.4735260446479679,0.454033134166214
0.7062857419792574,0.366967004677738,0.8275240384615385,0.560918104656794,0.542280151259152,0.6772464327034324,0.3159539152509276,0.467196409352172,0.1662462661798871,0.4161363636363637,0.0913853904282115,0.6628551713940708,0.5784725684305483,0.740609231919267,0.6124732563115103,0.6020966311667559,0.4108799101846064,0.5459250549365819,0.391876160647468,0.5624124600817968,0.2691762317715718,0.0,0.4188178760211437,0.1068273723057594,0.3973547306234019,0.6158921685946018,0.1883125296937761,0.383693972179289,0.185965379494008,0.0,0.2840663900414937,0.3169531442229955,0.4774613540979832,0.328237021680919,0.6347775309063978,0.0940838836831368,0.0,0.4073803545613634,0.3506010303377218,0.1743108365019011
0.6644858001356986,0.4504756223903552,0.726516272189349,0.7419519282236893,0.2925255450961461,0.6662938681064405,0.3742433118531537,0.220133275321166,0.0,0.2589685314685315,0.0,0.6413169373321176,0.5738432685231347,0.6691584127577399,0.499828840393667,0.5927197380089028,0.4363063419363893,0.3092158525772003,0.4369439286011253,0.692615832819766,0.1434840365986536,0.0,0.2626621816434407,0.1553924070511562,0.4858301737060223,0.4111820236670656,0.1524856390100634,0.1954974375660945,0.0,0.5165321486706457,0.1094882434301521,0.240166613940736,0.3352172229374025,0.0,0.194624850452914,0.0,0.0,0.1792741383245834,0.1965205658680186,0.1631755839217816
